Date,Adj Close
5/15/00,183.199997
5/16/00,181.5
5/17/00,179.5
5/18/00,181.600006
5/19/00,183.800003
5/22/00,183.899994
5/23/00,181.699997
5/24/00,179
5/25/00,174.699997
5/26/00,178.399994
5/29/00,
5/30/00,175.199997
5/31/00,176.800003
6/1/00,177.5
6/2/00,179.699997
6/5/00,180.5
6/6/00,180.699997
6/7/00,178.300003
6/8/00,177.600006
6/9/00,179.699997
6/12/00,175.199997
6/13/00,176.699997
6/14/00,174.300003
6/15/00,173.800003
6/16/00,170.899994
6/19/00,170.800003
6/20/00,169.100006
6/21/00,171.199997
6/22/00,170
6/23/00,170.300003
6/26/00,169.899994
6/27/00,170.300003
6/28/00,168.699997
6/29/00,169.899994
6/30/00,166.800003
7/3/00,163.800003
7/4/00,
7/5/00,166.699997
7/6/00,165.899994
7/7/00,167.699997
7/10/00,167.800003
7/11/00,168.300003
7/12/00,169.5
7/13/00,171.199997
7/14/00,165.199997
7/17/00,150.800003
7/18/00,150.600006
7/19/00,149
7/20/00,150.399994
7/21/00,151.699997
7/24/00,149.899994
7/25/00,148.100006
7/26/00,148.699997
7/27/00,150.300003
7/28/00,148.800003
7/31/00,146.800003
8/1/00,146.699997
8/2/00,147.800003
8/3/00,147.399994
8/4/00,146.699997
8/7/00,146
8/8/00,147.199997
8/9/00,147.100006
8/10/00,149
8/11/00,151.199997
8/14/00,152
8/15/00,154.300003
8/16/00,156.399994
8/17/00,155.300003
8/18/00,154.300003
8/21/00,156.399994
8/22/00,155.600006
8/23/00,157.399994
8/24/00,160
8/25/00,160.899994
8/28/00,163.5
8/29/00,166.899994
8/30/00,166.600006
8/31/00,170.800003
9/1/00,170.800003
9/4/00,
9/5/00,171.899994
9/6/00,167
9/7/00,164.800003
9/8/00,
9/11/00,168.199997
9/12/00,170.899994
9/13/00,172.899994
9/14/00,173
9/15/00,167.5
9/18/00,166.899994
9/19/00,
9/20/00,167.800003
9/21/00,170.800003
9/22/00,
9/25/00,173.5
9/26/00,174
9/27/00,
9/28/00,172.699997
9/29/00,
10/2/00,173.600006
10/3/00,172.699997
10/4/00,
10/5/00,171.899994
10/6/00,
10/9/00,167.399994
10/10/00,168.800003
10/11/00,168
10/12/00,167.399994
10/13/00,
10/16/00,162.699997
10/17/00,163.100006
10/18/00,166.600006
10/19/00,167.399994
10/20/00,172.399994
10/23/00,169.5
10/24/00,167.5
10/25/00,169.899994
10/26/00,167.199997
10/27/00,165.600006
10/30/00,165.399994
10/31/00,166.699997
11/1/00,
11/2/00,170.800003
11/3/00,171.300003
11/6/00,173.899994
11/7/00,174
11/8/00,173.5
11/9/00,171.5
11/10/00,168.100006
11/13/00,165
11/14/00,169.199997
11/15/00,169.5
11/16/00,170.399994
11/17/00,169.600006
11/20/00,178.5
11/21/00,180
11/22/00,177
11/23/00,
11/24/00,182.5
11/27/00,187.399994
11/28/00,187.300003
11/29/00,187.600006
11/30/00,
12/1/00,193.5
12/4/00,193.800003
12/5/00,190
12/6/00,190.100006
12/7/00,
12/8/00,186.5
12/11/00,189.100006
12/12/00,191.399994
12/13/00,193
12/14/00,194.399994
12/15/00,189.300003
12/18/00,190.5
12/19/00,191.5
12/20/00,192.300003
12/21/00,192.399994
12/22/00,
12/25/00,
12/26/00,
12/27/00,193.800003
12/28/00,192.199997
12/29/00,194.199997
1/1/01,
1/2/01,195
1/3/01,
1/4/01,191.699997
1/5/01,
1/8/01,187
1/9/01,187.399994
1/10/01,
1/11/01,
1/12/01,
1/15/01,
1/16/01,178.5
1/17/01,178.100006
1/18/01,176.199997
1/19/01,177.199997
1/22/01,175.800003
1/23/01,178.5
1/24/01,173.600006
1/25/01,172.5
1/26/01,169.899994
1/29/01,167.699997
1/30/01,168
1/31/01,
2/1/01,165.199997
2/2/01,163.5
2/5/01,167
2/6/01,162.5
2/7/01,164.800003
2/8/01,165
2/9/01,163.199997
2/12/01,164.899994
2/13/01,
2/14/01,161
2/15/01,160.800003
2/16/01,161.5
2/19/01,
2/20/01,163.800003
2/21/01,163.899994
2/22/01,164.5
2/23/01,
2/26/01,160.5
2/27/01,158.199997
2/28/01,158
3/1/01,155.699997
3/2/01,162.5
3/5/01,
3/6/01,157.699997
3/7/01,
3/8/01,
3/9/01,
3/12/01,
3/13/01,158
3/14/01,152.5
3/15/01,149.899994
3/16/01,152
3/19/01,150.300003
3/20/01,150.100006
3/21/01,152
3/22/01,149.5
3/23/01,
3/26/01,152.300003
3/27/01,153.300003
3/28/01,153.5
3/29/01,152
3/30/01,
4/2/01,149.600006
4/3/01,
4/4/01,150
4/5/01,153.600006
4/6/01,154.100006
4/9/01,154.100006
4/10/01,
4/11/01,153.5
4/12/01,154.399994
4/13/01,
4/16/01,154.600006
4/17/01,153.5
4/18/01,154.800003
4/19/01,153.800003
4/20/01,
4/23/01,152.800003
4/24/01,153
4/25/01,
4/26/01,150.100006
4/27/01,154
4/30/01,150
5/1/01,156.199997
5/2/01,157.600006
5/3/01,158.699997
5/4/01,
5/7/01,160.800003
5/8/01,159.300003
5/9/01,160.199997
5/10/01,158.899994
5/11/01,
5/14/01,162.800003
5/15/01,159.399994
5/16/01,159.300003
5/17/01,162.5
5/18/01,164.699997
5/21/01,163.5
5/22/01,161.5
5/23/01,162.399994
5/24/01,163.199997
5/25/01,165.399994
5/28/01,
5/29/01,166.199997
5/30/01,162.300003
5/31/01,160.5
6/1/01,166.100006
6/4/01,163.600006
6/5/01,165.399994
6/6/01,165.100006
6/7/01,169.5
6/8/01,167.300003
6/11/01,
6/12/01,171.5
6/13/01,172.5
6/14/01,172.899994
6/15/01,170.800003
6/18/01,168.100006
6/19/01,168.399994
6/20/01,168.5
6/21/01,162
6/22/01,160.800003
6/25/01,160.800003
6/26/01,
6/27/01,159.100006
6/28/01,
6/29/01,162
7/2/01,169.899994
7/3/01,171.5
7/4/01,
7/5/01,171.899994
7/6/01,172.899994
7/9/01,169.600006
7/10/01,172.300003
7/11/01,175
7/12/01,178
7/13/01,178.5
7/16/01,175.100006
7/17/01,175
7/18/01,171
7/19/01,
7/20/01,173.5
7/23/01,168.5
7/24/01,174.5
7/25/01,175
7/26/01,177.899994
7/27/01,177.399994
7/30/01,178.5
7/31/01,173.199997
8/1/01,179
8/2/01,176.199997
8/3/01,
8/6/01,
8/7/01,173.800003
8/8/01,174.5
8/9/01,
8/10/01,177.600006
8/13/01,177.5
8/14/01,179.800003
8/15/01,173.100006
8/16/01,175
8/17/01,172.399994
8/20/01,171
8/21/01,
8/22/01,169.199997
8/23/01,167.5
8/24/01,165.899994
8/27/01,164
8/28/01,165
8/29/01,165
8/30/01,
8/31/01,164
9/3/01,
9/4/01,
9/5/01,170.300003
9/6/01,165
9/7/01,
9/10/01,164.699997
9/11/01,166.5
9/12/01,166.5
9/13/01,
9/14/01,171.800003
9/17/01,170.199997
9/18/01,
9/19/01,167.199997
9/20/01,165.800003
9/21/01,168.5
9/24/01,168.699997
9/25/01,164.399994
9/26/01,161.5
9/27/01,163.300003
9/28/01,161.800003
10/1/01,161.300003
10/2/01,161.300003
10/3/01,161
10/4/01,162.300003
10/5/01,164.5
10/8/01,164.5
10/9/01,167.5
10/10/01,165
10/11/01,165
10/12/01,
10/15/01,160.800003
10/16/01,157
10/17/01,158.199997
10/18/01,159
10/19/01,158
10/22/01,156
10/23/01,156.699997
10/24/01,156.5
10/25/01,158.300003
10/26/01,161.199997
10/29/01,161.800003
10/30/01,161.5
10/31/01,162
11/1/01,160.5
11/2/01,164.399994
11/5/01,163.100006
11/6/01,163
11/7/01,162
11/8/01,163
11/9/01,159
11/12/01,159.800003
11/13/01,161.800003
11/14/01,162
11/15/01,164.100006
11/16/01,165.699997
11/19/01,
11/20/01,163.199997
11/21/01,162.300003
11/22/01,
11/23/01,163.5
11/26/01,162.300003
11/27/01,159.199997
11/28/01,158.5
11/29/01,156.199997
11/30/01,157
12/3/01,158
12/4/01,157
12/5/01,155.199997
12/6/01,153.899994
12/7/01,150.5
12/10/01,
12/11/01,150
12/12/01,149.699997
12/13/01,152.699997
12/14/01,152.399994
12/17/01,150.5
12/18/01,
12/19/01,147.199997
12/20/01,
12/21/01,151.300003
12/24/01,151
12/25/01,
12/26/01,149
12/27/01,
12/28/01,149.699997
12/31/01,147.100006
1/1/02,
1/2/02,147
1/3/02,147.199997
1/4/02,147.899994
1/7/02,147.899994
1/8/02,147.600006
1/9/02,149.399994
1/10/02,153.300003
1/11/02,153.100006
1/14/02,161.699997
1/15/02,158
1/16/02,157.199997
1/17/02,162.800003
1/18/02,161.800003
1/21/02,
1/22/02,159.199997
1/23/02,155
1/24/02,151.699997
1/25/02,152.899994
1/28/02,148.699997
1/29/02,152.899994
1/30/02,149.899994
1/31/02,149.899994
2/1/02,151
2/4/02,149.899994
2/5/02,150.5
2/6/02,150.800003
2/7/02,148.800003
2/8/02,149.800003
2/11/02,147.600006
2/12/02,148
2/13/02,149.899994
2/14/02,149.5
2/15/02,148.699997
2/18/02,148.699997
2/19/02,
2/20/02,147.899994
2/21/02,151
2/22/02,152.5
2/25/02,151
2/26/02,149.100006
2/27/02,
2/28/02,154.600006
3/1/02,153.100006
3/4/02,153.5
3/5/02,155.600006
3/6/02,156.600006
3/7/02,155.5
3/8/02,155.899994
3/11/02,159.399994
3/12/02,
3/13/02,158.199997
3/14/02,159.600006
3/15/02,156.800003
3/18/02,158
3/19/02,155.5
3/20/02,157.199997
3/21/02,156.199997
3/22/02,157.399994
3/25/02,158
3/26/02,160.199997
3/27/02,162
3/28/02,162.5
3/29/02,
4/1/02,160.100006
4/2/02,
4/3/02,159.5
4/4/02,156.5
4/5/02,156
4/8/02,156
4/9/02,155.600006
4/10/02,157
4/11/02,155.199997
4/12/02,156.199997
4/15/02,156.399994
4/16/02,158.899994
4/17/02,162.100006
4/18/02,161.600006
4/19/02,162.600006
4/22/02,161.899994
4/23/02,163.399994
4/24/02,165.899994
4/25/02,164.800003
4/26/02,161.600006
4/29/02,160.600006
4/30/02,161.899994
5/1/02,160.800003
5/2/02,159.100006
5/3/02,159.5
5/6/02,160.100006
5/7/02,160.199997
5/8/02,162.100006
5/9/02,162.300003
5/10/02,158.399994
5/13/02,163.100006
5/14/02,164.199997
5/15/02,163.899994
5/16/02,165.100006
5/17/02,165.100006
5/20/02,165.600006
5/21/02,165.100006
5/22/02,164.199997
5/23/02,162.5
5/24/02,162.5
5/27/02,
5/28/02,164.199997
5/29/02,165.300003
5/30/02,167.100006
5/31/02,168.699997
6/3/02,168.600006
6/4/02,169.199997
6/5/02,169.899994
6/6/02,169.300003
6/7/02,168.100006
6/10/02,167
6/11/02,166.600006
6/12/02,165.399994
6/13/02,169
6/14/02,164.699997
6/17/02,165.899994
6/18/02,164.800003
6/19/02,165.199997
6/20/02,164.600006
6/21/02,166.399994
6/24/02,169
6/25/02,168.699997
6/26/02,172.699997
6/27/02,176.199997
6/28/02,180.399994
7/1/02,184.399994
7/2/02,182.5
7/3/02,183.399994
7/4/02,
7/5/02,188.699997
7/8/02,187.300003
7/9/02,189.600006
7/10/02,189.199997
7/11/02,191.5
7/12/02,191.699997
7/15/02,187.199997
7/16/02,189.800003
7/17/02,186.699997
7/18/02,186.100006
7/19/02,185.199997
7/22/02,191
7/23/02,186.100006
7/24/02,187.800003
7/25/02,182.300003
7/26/02,177.300003
7/29/02,171.199997
7/30/02,174.800003
7/31/02,182.300003
8/1/02,182.899994
8/2/02,181.800003
8/5/02,182.300003
8/6/02,182.800003
8/7/02,181.399994
8/8/02,180.5
8/9/02,184
8/12/02,192.300003
8/13/02,194.300003
8/14/02,194.5
8/15/02,188.300003
8/16/02,184.300003
8/19/02,180.5
8/20/02,176.5
8/21/02,178.399994
8/22/02,176.300003
8/23/02,175.800003
8/26/02,176.199997
8/27/02,178.699997
8/28/02,180.399994
8/29/02,180.199997
8/30/02,181.600006
9/2/02,
9/3/02,182
9/4/02,182.399994
9/5/02,182.899994
9/6/02,182.800003
9/9/02,185.600006
9/10/02,187.600006
9/11/02,192.5
9/12/02,186.300003
9/13/02,183.5
9/16/02,183.399994
9/17/02,183
9/18/02,184.399994
9/19/02,182.100006
9/20/02,180.300003
9/23/02,177.300003
9/24/02,179.300003
9/25/02,177.5
9/26/02,177.399994
9/27/02,175.399994
9/30/02,170.300003
10/1/02,168.300003
10/2/02,166.899994
10/3/02,166.699997
10/4/02,167.100006
10/7/02,167.800003
10/8/02,167.300003
10/9/02,161.800003
10/10/02,162.300003
10/11/02,163.199997
10/14/02,164.5
10/15/02,171.800003
10/16/02,170.100006
10/17/02,171.300003
10/18/02,170.699997
10/21/02,172.399994
10/22/02,170.100006
10/23/02,170.899994
10/24/02,170.800003
10/25/02,169.899994
10/28/02,167.100006
10/29/02,168.600006
10/30/02,168.100006
10/31/02,169.699997
11/1/02,170.399994
11/4/02,169.899994
11/5/02,170.699997
11/6/02,169.699997
11/7/02,167.899994
11/8/02,163.5
11/11/02,164.399994
11/12/02,163.300003
11/13/02,163.5
11/14/02,165.600006
11/15/02,164.399994
11/18/02,166.100006
11/19/02,167
11/20/02,167.600006
11/21/02,166.899994
11/22/02,167.699997
11/25/02,167.699997
11/26/02,166.800003
11/27/02,167.100006
11/28/02,
11/29/02,166.100006
12/2/02,170.100006
12/3/02,166.199997
12/4/02,165.100006
12/5/02,163
12/6/02,162.600006
12/9/02,161.699997
12/10/02,161.899994
12/11/02,163.600006
12/12/02,164.5
12/13/02,167
12/16/02,164.100006
12/17/02,163.899994
12/18/02,163.300003
12/19/02,164
12/20/02,165.699997
12/23/02,168.800003
12/24/02,168.800003
12/25/02,
12/26/02,165.199997
12/27/02,166.899994
12/30/02,166.899994
12/31/02,167.300003
1/1/03,
1/2/03,171
1/3/03,171.5
1/6/03,172
1/7/03,171.399994
1/8/03,169.399994
1/9/03,168.800003
1/10/03,162.300003
1/13/03,160.5
1/14/03,157.199997
1/15/03,161.699997
1/16/03,162.399994
1/17/03,166.600006
1/20/03,
1/21/03,167.199997
1/22/03,168.300003
1/23/03,168.100006
1/24/03,169.100006
1/27/03,169.100006
1/28/03,172.399994
1/29/03,168.699997
1/30/03,172.699997
1/31/03,171.600006
2/3/03,170.800003
2/4/03,171.5
2/5/03,169.699997
2/6/03,168.5
2/7/03,167.100006
2/10/03,170.899994
2/11/03,174.600006
2/12/03,174.399994
2/13/03,177.600006
2/14/03,177.300003
2/17/03,
2/18/03,176.300003
2/19/03,175.100006
2/20/03,172.699997
2/21/03,175.199997
2/24/03,175.899994
2/25/03,178.5
2/26/03,181.699997
2/27/03,180.899994
2/28/03,177.899994
3/3/03,178.199997
3/4/03,176.800003
3/5/03,176.100006
3/6/03,173.600006
3/7/03,173.899994
3/10/03,174.699997
3/11/03,174.699997
3/12/03,173.300003
3/13/03,177.199997
3/14/03,178.300003
3/17/03,172
3/18/03,173.600006
3/19/03,171.199997
3/20/03,172.100006
3/21/03,171.399994
3/24/03,168.699997
3/25/03,170.600006
3/26/03,169.5
3/27/03,173.699997
3/28/03,173.699997
3/31/03,171.899994
4/1/03,170.899994
4/2/03,173.899994
4/3/03,171.800003
4/4/03,174.5
4/7/03,176.399994
4/8/03,177.100006
4/9/03,178.600006
4/10/03,177.699997
4/11/03,178.199997
4/14/03,182.399994
4/15/03,184.300003
4/16/03,183.899994
4/17/03,190.100006
4/18/03,
4/21/03,187.899994
4/22/03,185.5
4/23/03,182
4/24/03,183.399994
4/25/03,182.899994
4/28/03,185.600006
4/29/03,193.399994
4/30/03,194.5
5/1/03,195.699997
5/2/03,196.800003
5/5/03,195.800003
5/6/03,195.800003
5/7/03,193.199997
5/8/03,191
5/9/03,196.100006
5/12/03,197.399994
5/13/03,197.899994
5/14/03,199.199997
5/15/03,194.399994
5/16/03,193.399994
5/19/03,192.899994
5/20/03,196.300003
5/21/03,195.199997
5/22/03,190.5
5/23/03,191.600006
5/26/03,
5/27/03,194.100006
5/28/03,190.600006
5/29/03,192.100006
5/30/03,190.199997
6/2/03,187.399994
6/3/03,186.399994
6/4/03,186.699997
6/5/03,187.899994
6/6/03,193.800003
6/9/03,191.600006
6/10/03,194.600006
6/11/03,194.100006
6/12/03,191.899994
6/13/03,188.199997
6/16/03,188.800003
6/17/03,188.199997
6/18/03,189.399994
6/19/03,189.5
6/20/03,190.600006
6/23/03,190.600006
6/24/03,194.899994
6/25/03,197.5
6/26/03,194.300003
6/27/03,195
6/30/03,190.800003
7/1/03,189.800003
7/2/03,191.300003
7/3/03,190.100006
7/4/03,
7/7/03,188.199997
7/8/03,187.199997
7/9/03,191.5
7/10/03,190.300003
7/11/03,193.600006
7/14/03,204.699997
7/15/03,182.100006
7/16/03,181.800003
7/17/03,180.899994
7/18/03,178.300003
7/21/03,176
7/22/03,176.300003
7/23/03,174.5
7/24/03,171.600006
7/25/03,170.399994
7/28/03,173.600006
7/29/03,170.100006
7/30/03,169.300003
7/31/03,168.800003
8/1/03,168.800003
8/4/03,165.699997
8/5/03,164.600006
8/6/03,164.100006
8/7/03,164.699997
8/8/03,165.5
8/11/03,169.5
8/12/03,180.699997
8/13/03,180.699997
8/14/03,176.899994
8/15/03,175.699997
8/18/03,187.100006
8/19/03,182.899994
8/20/03,186.5
8/21/03,189.600006
8/22/03,190.899994
8/25/03,193.800003
8/26/03,192.699997
8/27/03,195
8/28/03,200.399994
8/29/03,201.100006
9/1/03,
9/2/03,195.699997
9/3/03,197.800003
9/4/03,204.199997
9/5/03,205.800003
9/8/03,205.800003
9/9/03,205.800003
9/10/03,205.600006
9/11/03,206
9/12/03,211.5
9/15/03,189.300003
9/16/03,186.300003
9/17/03,187.199997
9/18/03,187.699997
9/19/03,190.699997
9/22/03,194.5
9/23/03,194.699997
9/24/03,193.600006
9/25/03,195.699997
9/26/03,195.300003
9/29/03,202.600006
9/30/03,199.800003
10/1/03,201.399994
10/2/03,202.199997
10/3/03,197.699997
10/6/03,200
10/7/03,201.100006
10/8/03,200.199997
10/9/03,205.600006
10/10/03,214
10/13/03,219.699997
10/14/03,219.5
10/15/03,218.399994
10/16/03,217.899994
10/17/03,219.5
10/20/03,222.300003
10/21/03,225
10/22/03,232.5
10/23/03,239
10/24/03,240.300003
10/27/03,241.199997
10/28/03,247.699997
10/29/03,254.800003
10/30/03,254.699997
10/31/03,252.100006
11/3/03,255.5
11/4/03,245.100006
11/5/03,246
11/6/03,244.199997
11/7/03,239.199997
11/10/03,240.699997
11/11/03,244.699997
11/12/03,244.699997
11/13/03,244.699997
11/14/03,242.699997
11/17/03,240.199997
11/18/03,240.399994
11/19/03,231.199997
11/20/03,232.600006
11/21/03,230.399994
11/24/03,
11/25/03,
11/26/03,
11/27/03,
11/28/03,
12/1/03,
12/2/03,
12/3/03,
12/4/03,
12/5/03,
12/8/03,
12/9/03,
12/10/03,
12/11/03,
12/12/03,
12/15/03,
12/16/03,
12/17/03,
12/18/03,
12/19/03,
12/22/03,
12/23/03,
12/24/03,
12/25/03,
12/26/03,
12/29/03,229.800003
12/30/03,
12/31/03,241.899994
1/1/04,
1/2/04,241.800003
1/5/04,242.199997
1/6/04,242.5
1/7/04,239.899994
1/8/04,239.800003
1/9/04,237
1/12/04,243.800003
1/13/04,253.699997
1/14/04,259.5
1/15/04,257.100006
1/16/04,258.5
1/19/04,
1/20/04,259.600006
1/21/04,263.100006
1/22/04,263.399994
1/23/04,264.299988
1/26/04,267.5
1/27/04,260.700012
1/28/04,251.300003
1/29/04,252.100006
1/30/04,255.600006
2/2/04,245.100006
2/3/04,246.800003
2/4/04,247
2/5/04,252.300003
2/6/04,256.799988
2/9/04,255.899994
2/10/04,248.399994
2/11/04,248
2/12/04,243.100006
2/13/04,246.5
2/16/04,
2/17/04,257.200012
2/18/04,259
2/19/04,267.700012
2/20/04,270.200012
2/23/04,274.700012
2/24/04,280.299988
2/25/04,281
2/26/04,276.5
2/27/04,279.899994
3/1/04,283.899994
3/2/04,280
3/3/04,283.100006
3/4/04,282.799988
3/5/04,283.799988
3/8/04,279.299988
3/9/04,284.100006
3/10/04,278.799988
3/11/04,285.5
3/12/04,290
3/15/04,297.799988
3/16/04,302.100006
3/17/04,304.899994
3/18/04,313.899994
3/19/04,314.200012
3/22/04,325.5
3/23/04,325.5
3/24/04,317.799988
3/25/04,319.700012
3/26/04,316.899994
3/29/04,314.5
3/30/04,316.5
3/31/04,314.299988
4/1/04,329.399994
4/2/04,336
4/5/04,326.5
4/6/04,321.799988
4/7/04,324.5
4/8/04,316.799988
4/9/04,
4/12/04,309.5
4/13/04,310.299988
4/14/04,322
4/15/04,303.399994
4/16/04,304.899994
4/19/04,304
4/20/04,297.299988
4/21/04,294.5
4/22/04,299.100006
4/23/04,303.399994
4/26/04,301.200012
4/27/04,308.200012
4/28/04,306.5
4/29/04,310.700012
4/30/04,318.100006
5/3/04,322.200012
5/4/04,322.399994
5/5/04,326.200012
5/6/04,321.799988
5/7/04,328.700012
5/10/04,328.899994
5/11/04,333.299988
5/12/04,314
5/13/04,324.5
5/14/04,306.799988
5/17/04,291.5
5/18/04,282.5
5/19/04,294.200012
5/20/04,282.299988
5/21/04,282
5/24/04,279.799988
5/25/04,287
5/26/04,277.299988
5/27/04,257.299988
5/28/04,254.800003
5/31/04,
6/1/04,273.700012
6/2/04,266.200012
6/3/04,254.5
6/4/04,263.700012
6/7/04,268.700012
6/8/04,268.700012
6/9/04,272.5
6/10/04,271.299988
6/11/04,271.299988
6/14/04,279.5
6/15/04,283.200012
6/16/04,279.5
6/17/04,280.700012
6/18/04,283
6/21/04,293
6/22/04,296.200012
6/23/04,304.600006
6/24/04,306
6/25/04,308
6/28/04,294
6/29/04,293.299988
6/30/04,297.5
7/1/04,309.5
7/2/04,314.200012
7/5/04,
7/6/04,344.700012
7/7/04,339.799988
7/8/04,328.799988
7/9/04,330
7/12/04,313
7/13/04,301.299988
7/14/04,285
7/15/04,254.300003
7/16/04,240.800003
7/19/04,242
7/20/04,244.5
7/21/04,237.800003
7/22/04,219
7/23/04,218
7/26/04,211.800003
7/27/04,212.699997
7/28/04,198.800003
7/29/04,200.100006
7/30/04,198
8/2/04,192.800003
8/3/04,188
8/4/04,183.800003
8/5/04,186.800003
8/6/04,188.699997
8/9/04,199.5
8/10/04,197.300003
8/11/04,188.300003
8/12/04,195
8/13/04,198.5
8/16/04,189.5
8/17/04,198
8/18/04,200.5
8/19/04,200.699997
8/20/04,200
8/23/04,204.699997
8/24/04,199.300003
8/25/04,194
8/26/04,185.800003
8/27/04,179.399994
8/30/04,182.699997
8/31/04,180.800003
9/1/04,181.100006
9/2/04,177.699997
9/3/04,174.300003
9/6/04,
9/7/04,173.399994
9/8/04,171.899994
9/9/04,172.199997
9/10/04,170.300003
9/13/04,172.199997
9/14/04,166
9/15/04,165.199997
9/16/04,163.800003
9/17/04,163.399994
9/20/04,161.800003
9/21/04,159.899994
9/22/04,159.399994
9/23/04,159.399994
9/24/04,156.899994
9/27/04,158.5
9/28/04,158.199997
9/29/04,158.5
9/30/04,156.199997
10/1/04,157.699997
10/4/04,155.899994
10/5/04,152.600006
10/6/04,153.5
10/7/04,155.100006
10/8/04,157.100006
10/11/04,160.800003
10/12/04,153.300003
10/13/04,151.199997
10/14/04,152.5
10/15/04,152.699997
10/18/04,154.100006
10/19/04,156.800003
10/20/04,158.399994
10/21/04,158.5
10/22/04,156.399994
10/25/04,158.399994
10/26/04,156.600006
10/27/04,155.300003
10/28/04,155.399994
10/29/04,153.899994
11/1/04,150.100006
11/2/04,151.100006
11/3/04,150.600006
11/4/04,148.800003
11/5/04,147
11/8/04,148.699997
11/9/04,149.899994
11/10/04,153.899994
11/11/04,149.899994
11/12/04,149.699997
11/15/04,153.699997
11/16/04,156.399994
11/17/04,157.800003
11/18/04,160.100006
11/19/04,158.199997
11/22/04,159.300003
11/23/04,162.600006
11/24/04,161.100006
11/25/04,
11/26/04,
11/29/04,156.899994
11/30/04,154.199997
12/1/04,153.600006
12/2/04,152
12/3/04,154.300003
12/6/04,158.399994
12/7/04,156
12/8/04,158.300003
12/9/04,156.800003
12/10/04,160.5
12/13/04,166
12/14/04,164.800003
12/15/04,161.300003
12/16/04,160.300003
12/17/04,158.800003
12/20/04,160.100006
12/21/04,159.199997
12/22/04,159
12/23/04,161.399994
12/24/04,
12/27/04,161.899994
12/28/04,159
12/29/04,160.199997
12/30/04,162.600006
12/31/04,162.600006
1/3/05,160.199997
1/4/05,155.300003
1/5/05,155.300003
1/6/05,156.899994
1/7/05,162.899994
1/10/05,166.899994
1/11/05,167
1/12/05,165.5
1/13/05,167.699997
1/14/05,162.800003
1/17/05,
1/18/05,153.699997
1/19/05,155.5
1/20/05,158.899994
1/21/05,155.800003
1/24/05,155.899994
1/25/05,157.899994
1/26/05,157.399994
1/27/05,154.899994
1/28/05,154.100006
1/31/05,153.800003
2/1/05,152.699997
2/2/05,152.199997
2/3/05,150.699997
2/4/05,148.800003
2/7/05,149.699997
2/8/05,150.5
2/9/05,153.300003
2/10/05,155.199997
2/11/05,157.100006
2/14/05,161.199997
2/15/05,163.100006
2/16/05,162.899994
2/17/05,171.5
2/18/05,169.199997
2/21/05,
2/22/05,175.5
2/23/05,172.5
2/24/05,170.199997
2/25/05,178.199997
2/28/05,183
3/1/05,181.600006
3/2/05,186.199997
3/3/05,186.899994
3/4/05,183.800003
3/7/05,180.600006
3/8/05,181.199997
3/9/05,181.699997
3/10/05,185.100006
3/11/05,196
3/14/05,192
3/15/05,202.199997
3/16/05,197.899994
3/17/05,196.800003
3/18/05,192.100006
3/21/05,187.300003
3/22/05,187.199997
3/23/05,185.399994
3/24/05,188.399994
3/25/05,
3/28/05,186.100006
3/29/05,186.600006
3/30/05,192
3/31/05,187
4/1/05,183.800003
4/4/05,183.199997
4/5/05,184.100006
4/6/05,186.600006
4/7/05,188.300003
4/8/05,185.5
4/11/05,187.5
4/12/05,187.300003
4/13/05,189.300003
4/14/05,188.300003
4/15/05,187.399994
4/18/05,187
4/19/05,194.899994
4/20/05,194.800003
4/21/05,196.899994
4/22/05,196.100006
4/25/05,200
4/26/05,199.600006
4/27/05,196
4/28/05,194.699997
4/29/05,194.5
5/2/05,195
5/3/05,192.399994
5/4/05,191.300003
5/5/05,193.300003
5/6/05,195.399994
5/9/05,194.100006
5/10/05,194.5
5/11/05,196.600006
5/12/05,195.399994
5/13/05,192
5/16/05,193.699997
5/17/05,193.399994
5/18/05,196.600006
5/19/05,195.600006
5/20/05,196.300003
5/23/05,197.600006
5/24/05,198.699997
5/25/05,207.699997
5/26/05,210.300003
5/27/05,208.699997
5/30/05,
5/31/05,214.699997
6/1/05,215.600006
6/2/05,210.899994
6/3/05,215.199997
6/6/05,215.199997
6/7/05,214.199997
6/8/05,211.100006
6/9/05,212.899994
6/10/05,211.399994
6/13/05,216.899994
6/14/05,220.899994
6/15/05,223.899994
6/16/05,223
6/17/05,229
6/20/05,232.399994
6/21/05,231.600006
6/22/05,230.699997
6/23/05,228.399994
6/24/05,231.199997
6/27/05,215.399994
6/28/05,207.100006
6/29/05,210.199997
6/30/05,207
7/1/05,209.5
7/4/05,
7/5/05,220.800003
7/6/05,216.199997
7/7/05,214.600006
7/8/05,211.300003
7/11/05,214.600006
7/12/05,219.199997
7/13/05,222
7/14/05,230
7/15/05,226.699997
7/18/05,224.199997
7/19/05,214.100006
7/20/05,217
7/21/05,212.600006
7/22/05,212.600006
7/25/05,212.199997
7/26/05,213.399994
7/27/05,213.5
7/28/05,215.800003
7/29/05,212.399994
8/1/05,212.399994
8/2/05,215.399994
8/3/05,210.800003
8/4/05,212.600006
8/5/05,210.899994
8/8/05,211.699997
8/9/05,207.399994
8/10/05,208
8/11/05,207.600006
8/12/05,203
8/15/05,191.600006
8/16/05,192.699997
8/17/05,191.600006
8/18/05,190.899994
8/19/05,186.800003
8/22/05,189.899994
8/23/05,190
8/24/05,188.300003
8/25/05,183.699997
8/26/05,183.699997
8/29/05,184.300003
8/30/05,184.600006
8/31/05,182.399994
9/1/05,184.5
9/2/05,184.100006
9/5/05,
9/6/05,188.100006
9/7/05,184.800003
9/8/05,184.399994
9/9/05,180.399994
9/12/05,178
9/13/05,177.5
9/14/05,175.5
9/15/05,173.199997
9/16/05,173.5
9/19/05,173.5
9/20/05,172.300003
9/21/05,172.600006
9/22/05,172.100006
9/23/05,171.300003
9/26/05,169.699997
9/27/05,168.399994
9/28/05,169.5
9/29/05,167.100006
9/30/05,167.199997
10/3/05,167.300003
10/4/05,163.699997
10/5/05,162.800003
10/6/05,163.699997
10/7/05,165.300003
10/10/05,164.300003
10/11/05,165.100006
10/12/05,173.199997
10/13/05,175
10/14/05,175.300003
10/17/05,175.199997
10/18/05,171
10/19/05,172.199997
10/20/05,171.899994
10/21/05,169.399994
10/24/05,169.899994
10/25/05,170.899994
10/26/05,169.300003
10/27/05,170.5
10/28/05,168.800003
10/31/05,169.699997
11/1/05,173.5
11/2/05,173.899994
11/3/05,178.300003
11/4/05,176.199997
11/7/05,174.100006
11/8/05,173.899994
11/9/05,174.300003
11/10/05,175.5
11/11/05,181.699997
11/14/05,180.199997
11/15/05,180.199997
11/16/05,173.399994
11/17/05,174.800003
11/18/05,172.199997
11/21/05,173.899994
11/22/05,173.600006
11/23/05,170.699997
11/24/05,170.699997
11/25/05,170.100006
11/28/05,171.699997
11/29/05,170.300003
11/30/05,171.800003
12/1/05,172.300003
12/2/05,173.800003
12/5/05,175.600006
12/6/05,175.100006
12/7/05,173.600006
12/8/05,179.300003
12/9/05,181.600006
12/12/05,188.5
12/13/05,195.699997
12/14/05,192.5
12/15/05,187.399994
12/16/05,191.399994
12/19/05,198.600006
12/20/05,197.800003
12/21/05,200.899994
12/22/05,203.600006
12/23/05,203.399994
12/26/05,
12/27/05,203.800003
12/28/05,202.399994
12/29/05,198.100006
12/30/05,197.300003
1/2/06,
1/3/06,198.199997
1/4/06,195.100006
1/5/06,188.800003
1/6/06,186.899994
1/9/06,183.300003
1/10/06,181.100006
1/11/06,181.300003
1/12/06,178.800003
1/13/06,176.5
1/16/06,
1/17/06,180.300003
1/18/06,177.5
1/19/06,178.399994
1/20/06,179.399994
1/23/06,180.5
1/24/06,179.899994
1/25/06,178.399994
1/26/06,180.300003
1/27/06,186.399994
1/30/06,188.199997
1/31/06,185
2/1/06,181.199997
2/2/06,181.899994
2/3/06,184
2/6/06,181
2/7/06,176.699997
2/8/06,180.199997
2/9/06,181.600006
2/10/06,180.5
2/13/06,182.699997
2/14/06,182.5
2/15/06,182.399994
2/16/06,183.399994
2/17/06,185.300003
2/20/06,
2/21/06,180.199997
2/22/06,175.699997
2/23/06,174.800003
2/24/06,175.5
2/27/06,176.5
2/28/06,174.199997
3/1/06,172.399994
3/2/06,176.199997
3/3/06,175.100006
3/6/06,173.899994
3/7/06,172.5
3/8/06,171.800003
3/9/06,172.5
3/10/06,172.399994
3/13/06,172.699997
3/14/06,172
3/15/06,175
3/16/06,173.100006
3/17/06,173.800003
3/20/06,173.300003
3/21/06,174.100006
3/22/06,175.300003
3/23/06,173.899994
3/24/06,175.300003
3/27/06,178.800003
3/28/06,178.399994
3/29/06,178.699997
3/30/06,179.399994
3/31/06,174.600006
4/3/06,173.100006
4/4/06,171
4/5/06,172.300003
4/6/06,172.699997
4/7/06,171.100006
4/10/06,168.399994
4/11/06,171.199997
4/12/06,171.899994
4/13/06,173.399994
4/14/06,
4/17/06,177.5
4/18/06,177.699997
4/19/06,175.399994
4/20/06,172.600006
4/21/06,171.899994
4/24/06,173.600006
4/25/06,173.699997
4/26/06,172.899994
4/27/06,171.199997
4/28/06,172.899994
5/1/06,178.100006
5/2/06,176.199997
5/3/06,175.300003
5/4/06,176.600006
5/5/06,177.300003
5/8/06,176.5
5/9/06,179.5
5/10/06,178.600006
5/11/06,177.800003
5/12/06,174.800003
5/15/06,177.399994
5/16/06,176.199997
5/17/06,176.399994
5/18/06,175.300003
5/19/06,173.399994
5/22/06,172.199997
5/23/06,171.800003
5/24/06,172.300003
5/25/06,173.5
5/26/06,173.300003
5/29/06,
5/30/06,171.899994
5/31/06,172.399994
6/1/06,175.199997
6/2/06,185.399994
6/5/06,183.899994
6/6/06,180.899994
6/7/06,182.100006
6/8/06,180.100006
6/9/06,176.600006
6/12/06,181.199997
6/13/06,181.399994
6/14/06,179.199997
6/15/06,179.100006
6/16/06,180.899994
6/19/06,177.899994
6/20/06,177.300003
6/21/06,178.100006
6/22/06,176.5
6/23/06,176.5
6/26/06,171.899994
6/27/06,173.100006
6/28/06,172.699997
6/29/06,172.399994
6/30/06,174.600006
7/3/06,
7/4/06,
7/5/06,173.399994
7/6/06,175.199997
7/7/06,172.899994
7/10/06,173.399994
7/11/06,173.399994
7/12/06,173.5
7/13/06,171
7/14/06,171.300003
7/17/06,168.899994
7/18/06,169.899994
7/19/06,168.800003
7/20/06,167.699997
7/21/06,166.5
7/24/06,167.899994
7/25/06,168.899994
7/26/06,167.800003
7/27/06,165.199997
7/28/06,163.800003
7/31/06,162.600006
8/1/06,161.100006
8/2/06,162.5
8/3/06,162.399994
8/4/06,163.199997
8/7/06,158.899994
8/8/06,157.899994
8/9/06,158.600006
8/10/06,157.899994
8/11/06,159.300003
8/14/06,158.699997
8/15/06,159.899994
8/16/06,159.199997
8/17/06,160.5
8/18/06,159.300003
8/21/06,159.300003
8/22/06,158.300003
8/23/06,159.699997
8/24/06,161.800003
8/25/06,159.5
8/28/06,158.899994
8/29/06,158.300003
8/30/06,158
8/31/06,157.199997
9/1/06,157.600006
9/4/06,
9/5/06,160.300003
9/6/06,158.600006
9/7/06,159.600006
9/8/06,157.800003
9/11/06,157.800003
9/12/06,156.100006
9/13/06,157.5
9/14/06,160.800003
9/15/06,161.399994
9/18/06,164.100006
9/19/06,162.100006
9/20/06,165.800003
9/21/06,168.300003
9/22/06,165.199997
9/25/06,162.399994
9/26/06,162.399994
9/27/06,160.399994
9/28/06,162.100006
9/29/06,161.899994
10/2/06,162.100006
10/3/06,160.399994
10/4/06,165
10/5/06,167.300003
10/6/06,166
10/9/06,168.699997
10/10/06,165.800003
10/11/06,166
10/12/06,172
10/13/06,174.5
10/16/06,178.5
10/17/06,180.5
10/18/06,179.600006
10/19/06,178.699997
10/20/06,180.399994
10/23/06,182.899994
10/24/06,185.600006
10/25/06,185.199997
10/26/06,186.100006
10/27/06,187.699997
10/30/06,191.600006
10/31/06,189.600006
11/1/06,193.100006
11/2/06,195.300003
11/3/06,195.5
11/6/06,196.5
11/7/06,197.399994
11/8/06,201
11/9/06,198.300003
11/10/06,195.5
11/13/06,191.800003
11/14/06,194.399994
11/15/06,192.5
11/16/06,190
11/17/06,190.399994
11/20/06,191.899994
11/21/06,192
11/22/06,192.100006
11/23/06,192.100006
11/24/06,
11/27/06,195.899994
11/28/06,195.800003
11/29/06,193.600006
11/30/06,193.399994
12/1/06,188.399994
12/4/06,183.300003
12/5/06,184.300003
12/6/06,183.600006
12/7/06,187
12/8/06,185.399994
12/11/06,187.699997
12/12/06,187.199997
12/13/06,186.5
12/14/06,187.199997
12/15/06,186.699997
12/18/06,184.899994
12/19/06,185.5
12/20/06,184.699997
12/21/06,185.199997
12/22/06,186.899994
12/25/06,
12/26/06,188.399994
12/27/06,188.5
12/28/06,188.699997
12/29/06,191.899994
1/1/07,
1/2/07,
1/3/07,187.800003
1/4/07,188.600006
1/5/07,191
1/8/07,190.600006
1/9/07,186.600006
1/10/07,187.600006
1/11/07,189.600006
1/12/07,205
1/15/07,
1/16/07,208.100006
1/17/07,213.800003
1/18/07,211.300003
1/19/07,209.300003
1/22/07,209.199997
1/23/07,210.300003
1/24/07,208.399994
1/25/07,208.199997
1/26/07,205.800003
1/29/07,206.399994
1/30/07,208.399994
1/31/07,207.399994
2/1/07,207.899994
2/2/07,212.699997
2/5/07,212.399994
2/6/07,213.300003
2/7/07,213.699997
2/8/07,215.300003
2/9/07,217.899994
2/12/07,218.899994
2/13/07,222.699997
2/14/07,222.600006
2/15/07,225.100006
2/16/07,227.300003
2/20/07,230.600006
2/21/07,231.300003
2/22/07,231.399994
2/23/07,228.899994
2/26/07,227.600006
2/27/07,223.5
2/28/07,224.399994
3/1/07,219.800003
3/2/07,215.600006
3/5/07,215.399994
3/6/07,213.5
3/7/07,217.5
3/8/07,215.800003
3/9/07,216.5
3/12/07,218.300003
3/13/07,216.399994
3/14/07,212.5
3/15/07,217.399994
3/16/07,218
3/19/07,219.5
3/20/07,221.199997
3/21/07,222.300003
3/22/07,223.399994
3/23/07,219.300003
3/26/07,215.300003
3/27/07,214.199997
3/28/07,218.300003
3/29/07,218.600006
3/30/07,211.800003
4/2/07,218.300003
4/3/07,214.5
4/4/07,213.199997
4/5/07,213
4/9/07,209.399994
4/10/07,204.800003
4/11/07,205.100006
4/12/07,200.899994
4/13/07,199.300003
4/16/07,199.5
4/17/07,197.800003
4/18/07,196.899994
4/19/07,196.899994
4/20/07,196.399994
4/23/07,195.300003
4/24/07,190.899994
4/25/07,192.600006
4/26/07,193.699997
4/27/07,192
4/30/07,192.800003
5/1/07,198.100006
5/2/07,195.899994
5/3/07,194.699997
5/4/07,196.5
5/7/07,195.699997
5/8/07,194.5
5/9/07,196.899994
5/10/07,193.899994
5/11/07,196.899994
5/14/07,202
5/15/07,208.199997
5/16/07,213.199997
5/17/07,212.699997
5/18/07,212
5/21/07,215.5
5/22/07,214.800003
5/23/07,218.899994
5/24/07,217.199997
5/25/07,218.199997
5/29/07,214.399994
5/30/07,216.800003
5/31/07,216.899994
6/1/07,221.399994
6/4/07,220.399994
6/5/07,223.600006
6/6/07,223.899994
6/7/07,226.199997
6/8/07,226.199997
6/11/07,230.199997
6/12/07,229.199997
6/13/07,230
6/14/07,230.399994
6/15/07,235.399994
6/18/07,237.800003
6/19/07,229.699997
6/20/07,233.199997
6/21/07,226.199997
6/22/07,217.399994
6/25/07,220.100006
6/26/07,220.100006
6/27/07,217.899994
6/28/07,218.199997
6/29/07,229.199997
7/2/07,235.800003
7/3/07,
7/5/07,232.899994
7/6/07,233.899994
7/9/07,236.899994
7/10/07,244.300003
7/11/07,246.399994
7/12/07,253.699997
7/13/07,253.300003
7/16/07,235.699997
7/17/07,222.199997
7/18/07,226.600006
7/19/07,227.5
7/20/07,225.199997
7/23/07,214.399994
7/24/07,215.399994
7/25/07,215
7/26/07,217.699997
7/27/07,213.600006
7/30/07,212.899994
7/31/07,215.600006
8/1/07,215.300003
8/2/07,217.899994
8/3/07,222.199997
8/6/07,220.699997
8/7/07,226
8/8/07,230.300003
8/9/07,232.300003
8/10/07,232.5
8/13/07,235.600006
8/14/07,232.800003
8/15/07,227.800003
8/16/07,218.800003
8/17/07,218.800003
8/20/07,220.399994
8/21/07,222.399994
8/22/07,229.199997
8/23/07,232.300003
8/24/07,233.699997
8/27/07,235.899994
8/28/07,234.800003
8/29/07,235
8/30/07,240
8/31/07,239.800003
9/4/07,247.899994
9/5/07,245.399994
9/6/07,242.800003
9/7/07,247.399994
9/10/07,250.399994
9/11/07,250
9/12/07,254.199997
9/13/07,254.399994
9/14/07,259.5
9/17/07,264.100006
9/18/07,266.399994
9/19/07,266.899994
9/20/07,275.299988
9/21/07,272.700012
9/24/07,271.200012
9/25/07,271.399994
9/26/07,278.399994
9/27/07,282.799988
9/28/07,276.299988
10/1/07,278.799988
10/2/07,262.899994
10/3/07,266.100006
10/4/07,265.700012
10/5/07,259.399994
10/8/07,254.699997
10/9/07,263.299988
10/10/07,268.799988
10/11/07,272
10/12/07,272.5
10/15/07,281.200012
10/16/07,275.899994
10/17/07,274.899994
10/18/07,278.100006
10/19/07,276.299988
10/22/07,275.700012
10/23/07,276.600006
10/24/07,274
10/25/07,279.5
10/26/07,277.799988
10/29/07,280
10/30/07,274.700012
10/31/07,279.600006
11/1/07,272.100006
11/2/07,274
11/5/07,276.899994
11/6/07,284.600006
11/7/07,281.899994
11/8/07,278.399994
11/9/07,281.799988
11/12/07,280.100006
11/13/07,285
11/14/07,292.399994
11/15/07,293.5
11/16/07,292.299988
11/19/07,287.700012
11/20/07,290
11/21/07,287.399994
11/23/07,
11/26/07,292.899994
11/27/07,290.100006
11/28/07,292.200012
11/29/07,292.100006
11/30/07,288.299988
12/3/07,290.100006
12/4/07,295.5
12/5/07,300.600006
12/6/07,299.600006
12/7/07,310.5
12/10/07,311.5
12/11/07,315
12/12/07,319.5
12/13/07,321.200012
12/14/07,324.5
12/17/07,324.700012
12/18/07,322.5
12/19/07,323.700012
12/20/07,325.100006
12/21/07,328.200012
12/24/07,
12/26/07,337.700012
12/27/07,335.899994
12/28/07,326
12/31/07,331.5
1/2/08,338
1/3/08,344.100006
1/4/08,342
1/7/08,337.899994
1/8/08,346.5
1/9/08,342.5
1/10/08,341.5
1/11/08,351
1/14/08,352
1/15/08,356.100006
1/16/08,346.899994
1/17/08,344.299988
1/18/08,339.299988
1/22/08,336.899994
1/23/08,322.799988
1/24/08,332.200012
1/25/08,335
1/28/08,336.600006
1/29/08,339.600006
1/30/08,342.700012
1/31/08,341.5
2/1/08,343.200012
2/4/08,352.899994
2/5/08,353.100006
2/6/08,351.799988
2/7/08,361.700012
2/8/08,361.5
2/11/08,355.5
2/12/08,352.299988
2/13/08,351.799988
2/14/08,359.399994
2/15/08,358.799988
2/19/08,361.700012
2/20/08,360.399994
2/21/08,359.299988
2/22/08,361.200012
2/25/08,366.899994
2/26/08,371.200012
2/27/08,365.899994
2/28/08,373.5
2/29/08,375.700012
3/3/08,377
3/4/08,370.299988
3/5/08,375.799988
3/6/08,367
3/7/08,339
3/10/08,353.200012
3/11/08,347
3/12/08,345.5
3/13/08,353
3/14/08,336.5
3/17/08,323.799988
3/18/08,330.5
3/19/08,310.700012
3/20/08,310.299988
3/24/08,330.299988
3/25/08,350.299988
3/26/08,355.5
3/27/08,348.799988
3/28/08,342.299988
3/31/08,322.299988
4/1/08,330.5
4/2/08,331
4/3/08,333.200012
4/4/08,333.5
4/7/08,330
4/8/08,329.799988
4/9/08,349.600006
4/10/08,352.200012
4/11/08,344.5
4/14/08,350.200012
4/15/08,348.799988
4/16/08,340
4/17/08,345
4/18/08,346.700012
4/21/08,336.799988
4/22/08,355
4/23/08,351.600006
4/24/08,346.200012
4/25/08,340.899994
4/28/08,331.299988
4/29/08,327.200012
4/30/08,336.600006
5/1/08,323.399994
5/2/08,331.799988
5/5/08,324.700012
5/6/08,321.799988
5/7/08,328.5
5/8/08,329.799988
5/9/08,333.100006
5/12/08,333.200012
5/13/08,346.200012
5/14/08,348
5/15/08,345
5/16/08,350
5/19/08,338.799988
5/20/08,333.5
5/21/08,332.5
5/22/08,328
5/23/08,336.600006
5/27/08,335
5/28/08,343.700012
5/29/08,331.799988
5/30/08,341.5
6/2/08,343
6/3/08,347
6/4/08,360
6/5/08,373.5
6/6/08,373
6/9/08,371
6/10/08,378.5
6/11/08,398.5
6/12/08,402.200012
6/13/08,409.200012
6/16/08,405.799988
6/17/08,415
6/18/08,417.100006
6/19/08,419.5
6/20/08,411.700012
6/23/08,404
6/24/08,401.299988
6/25/08,410.200012
6/26/08,421.200012
6/27/08,427.899994
6/30/08,434
7/1/08,437.700012
7/2/08,443.799988
7/3/08,
7/7/08,432.600006
7/8/08,425.100006
7/9/08,435.5
7/10/08,445.799988
7/11/08,453.899994
7/14/08,452
7/15/08,421.799988
7/16/08,429.200012
7/17/08,409.399994
7/18/08,396.299988
7/21/08,377
7/22/08,379.200012
7/23/08,376.100006
7/24/08,373.799988
7/25/08,374.700012
7/28/08,375.799988
7/29/08,376.5
7/30/08,378.600006
7/31/08,379.600006
8/1/08,373.899994
8/4/08,354
8/5/08,347.5
8/6/08,334
8/7/08,343.200012
8/8/08,326.299988
8/11/08,332.5
8/12/08,341.700012
8/13/08,359.5
8/14/08,350
8/15/08,332.799988
8/18/08,349.799988
8/19/08,345.799988
8/20/08,352.899994
8/21/08,357.700012
8/22/08,360.299988
8/25/08,366.200012
8/26/08,367.200012
8/27/08,368
8/28/08,368.600006
8/29/08,367.399994
9/2/08,364.899994
9/3/08,353.100006
9/4/08,355.399994
9/5/08,341
9/8/08,334.600006
9/9/08,341.200012
9/10/08,336.799988
9/11/08,350
9/12/08,359
9/15/08,336.5
9/16/08,320.5
9/17/08,322.700012
9/18/08,312.399994
9/19/08,312.5
9/22/08,323.299988
9/23/08,325.299988
9/24/08,327.600006
9/25/08,323.399994
9/26/08,315
9/29/08,295.700012
9/30/08,279.399994
10/1/08,280.799988
10/2/08,269.399994
10/3/08,264.899994
10/6/08,245.100006
10/7/08,251.899994
10/8/08,263.700012
10/9/08,270.899994
10/10/08,251.199997
10/13/08,252.100006
10/14/08,254.5
10/15/08,244.5
10/16/08,252
10/17/08,258.200012
10/20/08,266.5
10/21/08,265.799988
10/22/08,257.299988
10/23/08,269
10/24/08,268.299988
10/27/08,276.299988
10/28/08,266.799988
10/29/08,283
10/30/08,283.299988
10/31/08,273
11/3/08,275.200012
11/4/08,277.799988
11/5/08,265
11/6/08,262.799988
11/7/08,271.700012
11/10/08,275.299988
11/11/08,269.5
11/12/08,266.399994
11/13/08,264
11/14/08,265.5
11/17/08,271.299988
11/18/08,267.399994
11/19/08,267.700012
11/20/08,257.200012
11/21/08,249.899994
11/24/08,257.700012
11/25/08,262.5
11/26/08,263.200012
11/28/08,
12/1/08,252.300003
12/2/08,246.100006
12/3/08,248
12/4/08,247.300003
12/5/08,240.5
12/8/08,249.300003
12/9/08,245.5
12/10/08,250.399994
12/11/08,260.799988
12/12/08,258.5
12/15/08,256.799988
12/16/08,261
12/17/08,263.200012
12/18/08,266.299988
12/19/08,267.5
12/22/08,275.5
12/23/08,281.399994
12/24/08,
12/26/08,297.700012
12/29/08,292.100006
12/30/08,298
12/31/08,
1/2/09,301
1/5/09,298.700012
1/6/09,300.299988
1/7/09,295
1/8/09,299
1/9/09,315.799988
1/12/09,296.5
1/13/09,296.299988
1/14/09,296
1/15/09,305
1/16/09,316
1/20/09,309
1/21/09,320.399994
1/22/09,318.200012
1/23/09,318.299988
1/26/09,316.299988
1/27/09,308.600006
1/28/09,311.5
1/29/09,308.700012
1/30/09,311
2/2/09,306.200012
2/3/09,301.799988
2/4/09,300.5
2/5/09,308
2/6/09,317.299988
2/9/09,313.799988
2/10/09,312.100006
2/11/09,305.700012
2/12/09,304.700012
2/13/09,297.700012
2/17/09,283.5
2/18/09,277.399994
2/19/09,276.5
2/20/09,270
2/23/09,276.299988
2/24/09,278.799988
2/25/09,272.799988
2/26/09,269
2/27/09,275.799988
3/2/09,267.799988
3/3/09,271.700012
3/4/09,274.200012
3/5/09,268.799988
3/6/09,274.200012
3/9/09,275
3/10/09,280.799988
3/11/09,281.299988
3/12/09,289
3/13/09,286
3/16/09,288.399994
3/17/09,286
3/18/09,289.5
3/19/09,296.299988
3/20/09,300.5
3/23/09,298.399994
3/24/09,303.299988
3/25/09,294.299988
3/26/09,290.799988
3/27/09,283.799988
3/30/09,281.5
3/31/09,295.299988
4/1/09,294.299988
4/2/09,297.399994
4/3/09,306
4/6/09,306.399994
4/7/09,306.200012
4/8/09,312.299988
4/9/09,311.200012
4/13/09,313.100006
4/14/09,316.299988
4/15/09,317.299988
4/16/09,329.399994
4/17/09,326.600006
4/20/09,319.200012
4/21/09,325.299988
4/22/09,329.799988
4/23/09,324.899994
4/24/09,325.399994
4/27/09,314
4/28/09,311.899994
4/29/09,330.100006
4/30/09,342.5
5/1/09,353.700012
5/4/09,357.600006
5/5/09,358.5
5/6/09,359
5/7/09,358.700012
5/8/09,359.5
5/11/09,362.399994
5/12/09,366.200012
5/13/09,378.5
5/14/09,381.5
5/15/09,358.200012
5/18/09,366.299988
5/19/09,374
5/20/09,374.799988
5/21/09,379.200012
5/22/09,375
5/26/09,390
5/27/09,386.200012
5/28/09,383.799988
5/29/09,382.5
6/1/09,390.799988
6/2/09,387.5
6/3/09,379.5
6/4/09,399
6/5/09,396
6/8/09,401.700012
6/9/09,407.799988
6/10/09,413.399994
6/11/09,428
6/12/09,422.700012
6/15/09,405.299988
6/16/09,404.299988
6/17/09,400.399994
6/18/09,405.399994
6/19/09,390
6/22/09,377
6/23/09,388.5
6/24/09,392.5
6/25/09,397.299988
6/26/09,405
6/29/09,411.399994
6/30/09,412.299988
7/1/09,418.200012
7/2/09,411.200012
7/6/09,401.200012
7/7/09,381
7/8/09,364.799988
7/9/09,371.5
7/10/09,372.299988
7/13/09,359.299988
7/14/09,344.5
7/15/09,326.399994
7/16/09,309
7/17/09,317.5
7/20/09,324.399994
7/21/09,322.299988
7/22/09,321
7/23/09,323
7/24/09,323.200012
7/27/09,322.899994
7/28/09,331.899994
7/29/09,338.5
7/30/09,355.799988
7/31/09,361
8/3/09,367.100006
8/4/09,366.799988
8/5/09,368.600006
8/6/09,367.5
8/7/09,374.5
8/10/09,367.200012
8/11/09,383.200012
8/12/09,388
8/13/09,390.899994
8/14/09,380
8/17/09,309.5
8/18/09,313.700012
8/19/09,316.299988
8/20/09,326.899994
8/21/09,333
8/24/09,346.200012
8/25/09,358
8/26/09,363
8/27/09,379
8/28/09,387
8/31/09,382.5
9/1/09,351.700012
9/2/09,348.5
9/3/09,322.399994
9/4/09,332.200012
9/8/09,343.5
9/9/09,348.799988
9/10/09,349
9/11/09,338
9/14/09,310
9/15/09,301.100006
9/16/09,297.799988
9/17/09,299
9/18/09,290
9/21/09,281.899994
9/22/09,282.100006
9/23/09,284.5
9/24/09,284
9/25/09,289.200012
9/28/09,288.5
9/29/09,288
9/30/09,288.700012
10/1/09,284.700012
10/2/09,272
10/5/09,275.5
10/6/09,285.5
10/7/09,290.700012
10/8/09,302.700012
10/9/09,310.299988
10/12/09,322.799988
10/13/09,326.299988
10/14/09,336
10/15/09,296.200012
10/16/09,294.700012
10/19/09,298.299988
10/20/09,292.5
10/21/09,298.700012
10/22/09,300.799988
10/23/09,303.299988
10/26/09,294.799988
10/27/09,287.600006
10/28/09,291.299988
10/29/09,295.299988
10/30/09,297
11/2/09,302.700012
11/3/09,306.399994
11/4/09,301.600006
11/5/09,291.299988
11/6/09,288.799988
11/9/09,294.299988
11/10/09,288.200012
11/11/09,289.100006
11/12/09,301
11/13/09,301.100006
11/16/09,304.399994
11/17/09,308.700012
11/18/09,310.5
11/19/09,318.399994
11/20/09,317.100006
11/23/09,315.600006
11/24/09,315.399994
11/25/09,318
11/27/09,
11/30/09,326.799988
12/1/09,324.700012
12/2/09,317.299988
12/3/09,321.5
12/4/09,320.899994
12/7/09,321.399994
12/8/09,316.600006
12/9/09,314.200012
12/10/09,313.100006
12/11/09,314.5
12/14/09,326.5
12/15/09,316.799988
12/16/09,316.899994
12/17/09,307.399994
12/18/09,305.399994
12/21/09,300.799988
12/22/09,298.5
12/23/09,303.899994
12/24/09,
12/28/09,310.399994
12/29/09,314.899994
12/30/09,316.200012
12/31/09,313.899994
1/4/10,316
1/5/10,319.399994
1/6/10,317.899994
1/7/10,307
1/8/10,306.799988
1/11/10,304.700012
1/12/10,295.399994
1/13/10,300.5
1/14/10,299
1/15/10,291.700012
1/19/10,290.899994
1/20/10,286.200012
1/21/10,287.5
1/22/10,286.399994
1/25/10,283
1/26/10,287.399994
1/27/10,281.299988
1/28/10,281.600006
1/29/10,273.799988
2/1/10,271.799988
2/2/10,273.600006
2/3/10,268.899994
2/4/10,271.200012
2/5/10,271
2/8/10,274.399994
2/9/10,270.600006
2/10/10,276.399994
2/11/10,277.399994
2/12/10,280
2/16/10,283.899994
2/17/10,279.399994
2/18/10,275.600006
2/19/10,276.399994
2/22/10,281.700012
2/23/10,279.600006
2/24/10,276.899994
2/25/10,272.100006
2/26/10,273.200012
3/1/10,271
3/2/10,270.5
3/3/10,266.5
3/4/10,257.899994
3/5/10,257.899994
3/8/10,259.5
3/9/10,259
3/10/10,258.700012
3/11/10,249.600006
3/12/10,251.199997
3/15/10,257.600006
3/16/10,261.5
3/17/10,267.399994
3/18/10,269.899994
3/19/10,270.200012
3/22/10,271.399994
3/23/10,271.899994
3/24/10,270.899994
3/25/10,265.899994
3/26/10,270.899994
3/29/10,276.899994
3/30/10,283.100006
3/31/10,265.799988
4/1/10,265.899994
4/5/10,261.200012
4/6/10,263.100006
4/7/10,265.600006
4/8/10,262.600006
4/9/10,265.299988
4/12/10,271.399994
4/13/10,275.200012
4/14/10,274.299988
4/15/10,281.899994
4/16/10,280.899994
4/19/10,283.899994
4/20/10,287.5
4/21/10,293
4/22/10,295.600006
4/23/10,292.299988
4/26/10,294.600006
4/27/10,287
4/28/10,288.600006
4/29/10,287.399994
4/30/10,291.299988
5/3/10,282.700012
5/4/10,285.5
5/5/10,279.700012
5/6/10,276.200012
5/7/10,276.399994
5/10/10,278.200012
5/11/10,282.299988
5/12/10,281.299988
5/13/10,284.399994
5/14/10,282.200012
5/17/10,273.899994
5/18/10,273.600006
5/19/10,273.399994
5/20/10,276.200012
5/21/10,275.600006
5/24/10,273.700012
5/25/10,271.100006
5/26/10,271.299988
5/27/10,276
5/28/10,273.5
6/1/10,269.399994
6/2/10,271.399994
6/3/10,284
6/4/10,277.200012
6/7/10,278.700012
6/8/10,276.799988
6/9/10,285.5
6/10/10,282.299988
6/11/10,289.700012
6/14/10,290
6/15/10,285.700012
6/16/10,287
6/17/10,286
6/18/10,289.399994
6/21/10,288.899994
6/22/10,290.700012
6/23/10,289.299988
6/24/10,290.100006
6/25/10,289.600006
6/28/10,292.299988
6/29/10,289.799988
6/30/10,289.399994
7/1/10,291.5
7/2/10,294.899994
7/6/10,297.200012
7/7/10,304
7/8/10,310.399994
7/9/10,314.100006
7/12/10,314.799988
7/13/10,312.899994
7/14/10,313
7/15/10,307.600006
7/16/10,307.799988
7/19/10,305
7/20/10,301.5
7/21/10,303.299988
7/22/10,300.200012
7/23/10,299.899994
7/26/10,293.200012
7/27/10,294.5
7/28/10,301.700012
7/29/10,305.399994
7/30/10,310.899994
8/2/10,310.899994
8/3/10,308.299988
8/4/10,311.5
8/5/10,313.600006
8/6/10,313.600006
8/9/10,311.100006
8/10/10,309.299988
8/11/10,310.5
8/12/10,315.399994
8/13/10,321.5
8/16/10,302.200012
8/17/10,306.5
8/18/10,307.399994
8/19/10,302.5
8/20/10,300.799988
8/23/10,301.399994
8/24/10,296.399994
8/25/10,299.700012
8/26/10,306.299988
8/27/10,307.799988
8/30/10,307.600006
8/31/10,304.200012
9/1/10,301.899994
9/2/10,302.200012
9/3/10,308.200012
9/7/10,308.700012
9/8/10,307.299988
9/9/10,305.5
9/10/10,297.200012
9/13/10,296.799988
9/14/10,290
9/15/10,294.5
9/16/10,293.100006
9/17/10,304.700012
9/20/10,306.100006
9/21/10,303.5
9/22/10,306.200012
9/23/10,305.5
9/24/10,313.200012
9/27/10,311.399994
9/28/10,303.5
9/29/10,302.5
9/30/10,302.100006
10/1/10,285.700012
10/4/10,288
10/5/10,294.899994
10/6/10,291.600006
10/7/10,292
10/8/10,317
10/11/10,323.100006
10/12/10,329.399994
10/13/10,325.200012
10/14/10,325.5
10/15/10,328.200012
10/18/10,328.299988
10/19/10,328.200012
10/20/10,337.799988
10/21/10,333.399994
10/22/10,330.899994
10/25/10,334.600006
10/26/10,335.5
10/27/10,335.899994
10/28/10,336.299988
10/29/10,337.700012
11/1/10,337.799988
11/2/10,337.700012
11/3/10,338.899994
11/4/10,348.200012
11/5/10,348
11/8/10,344.899994
11/9/10,362.299988
11/10/10,355.399994
11/11/10,358.100006
11/12/10,339.700012
11/15/10,348.100006
11/16/10,329.799988
11/17/10,328
11/18/10,335
11/19/10,325.799988
11/22/10,333.600006
11/23/10,340.700012
11/24/10,340.200012
11/26/10,
11/29/10,336.299988
11/30/10,338.600006
12/1/10,346.600006
12/2/10,344.100006
12/3/10,350.100006
12/6/10,345.5
12/7/10,343
12/8/10,345.399994
12/9/10,339.899994
12/10/10,339.100006
12/13/10,344.799988
12/14/10,344.5
12/15/10,346.100006
12/16/10,343.799988
12/17/10,347.799988
12/20/10,351.5
12/21/10,352.600006
12/22/10,352.700012
12/23/10,360
12/27/10,366.399994
12/28/10,368.600006
12/29/10,365.700012
12/30/10,365.399994
12/31/10,370.299988
1/3/11,365.700012
1/4/11,364.700012
1/5/11,369.299988
1/6/11,365.200012
1/7/11,359.100006
1/10/11,366.799988
1/11/11,359.200012
1/12/11,377.399994
1/13/11,378.600006
1/14/11,377
1/18/11,383.399994
1/19/11,383.299988
1/20/11,385.299988
1/21/11,379.600006
1/24/11,380.200012
1/25/11,372.600006
1/26/11,374.399994
1/27/11,377.399994
1/28/11,377
1/31/11,380.299988
2/1/11,390
2/2/11,386.899994
2/3/11,386.399994
2/4/11,383.200012
2/7/11,382.399994
2/8/11,385.700012
2/9/11,388.600006
2/10/11,382.5
2/11/11,378.100006
2/14/11,375.5
2/15/11,366.600006
2/16/11,364.299988
2/17/11,372.700012
2/18/11,362
2/22/11,346.5
2/23/11,351.799988
2/24/11,350.399994
2/25/11,359.700012
2/28/11,356.399994
3/1/11,358
3/2/11,359
3/3/11,366.799988
3/4/11,363.799988
3/7/11,358.100006
3/8/11,355.399994
3/9/11,348.5
3/10/11,349.100006
3/11/11,346.100006
3/14/11,349.600006
3/15/11,340.799988
3/16/11,344.5
3/17/11,358.600006
3/18/11,367.899994
3/21/11,366.399994
3/22/11,366.399994
3/23/11,360
3/24/11,359.799988
3/25/11,357.200012
3/28/11,353.600006
3/29/11,358.600006
3/30/11,360.5
3/31/11,370.700012
4/1/11,360.899994
4/4/11,357
4/5/11,353.600006
4/6/11,355.600006
4/7/11,350.899994
4/8/11,357.200012
4/11/11,349.700012
4/12/11,342.399994
4/13/11,342.200012
4/14/11,342.5
4/15/11,345.200012
4/18/11,347.799988
4/19/11,346.399994
4/20/11,349.200012
4/21/11,358.799988
4/25/11,361.100006
4/26/11,359.799988
4/27/11,356.700012
4/28/11,348.700012
4/29/11,358.100006
5/2/11,356.799988
5/3/11,349.5
5/4/11,347.600006
5/5/11,342.700012
5/6/11,344.899994
5/9/11,345.899994
5/10/11,346.299988
5/11/11,344.100006
5/12/11,349.100006
5/13/11,343.100006
5/16/11,345.700012
5/17/11,350.399994
5/18/11,361
5/19/11,361.399994
5/20/11,360.600006
5/23/11,358.799988
5/24/11,359.200012
5/25/11,358.299988
5/26/11,360.299988
5/27/11,355.600006
5/31/11,355.299988
6/1/11,360.700012
6/2/11,366
6/3/11,368.399994
6/6/11,359.399994
6/7/11,368
6/8/11,372.799988
6/9/11,372.899994
6/10/11,373.299988
6/13/11,370.100006
6/14/11,358.700012
6/15/11,360
6/16/11,353.700012
6/17/11,349
6/20/11,350
6/21/11,351.700012
6/22/11,347.100006
6/23/11,340.600006
6/24/11,339.899994
6/27/11,343
6/28/11,338.899994
6/29/11,337.899994
6/30/11,332.200012
7/1/11,340.899994
7/5/11,341.700012
7/6/11,341.700012
7/7/11,343
7/8/11,346.299988
7/11/11,346
7/12/11,348.5
7/13/11,353.200012
7/14/11,355.5
7/15/11,360.299988
7/18/11,359.299988
7/19/11,360.100006
7/20/11,361.899994
7/21/11,362.700012
7/22/11,363
7/25/11,355.799988
7/26/11,360.5
7/27/11,355.799988
7/28/11,355.299988
7/29/11,351.600006
8/1/11,352.700012
8/2/11,357.200012
8/3/11,353
8/4/11,347.600006
8/5/11,345.200012
8/8/11,340.100006
8/9/11,338
8/10/11,339.100006
8/11/11,347.200012
8/12/11,348.600006
8/15/11,352
8/16/11,351.299988
8/17/11,354.5
8/18/11,353
8/19/11,354.100006
8/22/11,362.700012
8/23/11,368.299988
8/24/11,367
8/25/11,368
8/26/11,376
8/29/11,379.200012
8/30/11,381.100006
8/31/11,380.799988
9/1/11,376.600006
9/2/11,377.799988
9/6/11,368.299988
9/7/11,367.200012
9/8/11,365.5
9/9/11,368.700012
9/12/11,360.100006
9/13/11,357.299988
9/14/11,357.899994
9/15/11,349.600006
9/16/11,348.700012
9/19/11,344.399994
9/20/11,345.799988
9/21/11,339.899994
9/22/11,330.899994
9/23/11,326
9/26/11,326.200012
9/27/11,326.600006
9/28/11,315.399994
9/29/11,316.899994
9/30/11,304.700012
10/3/11,303.200012
10/4/11,298.299988
10/5/11,301.5
10/6/11,299.700012
10/7/11,300.100006
10/10/11,304.700012
10/11/11,316.899994
10/12/11,320.100006
10/13/11,325.200012
10/14/11,328.399994
10/17/11,323
10/18/11,324.299988
10/19/11,319.299988
10/20/11,320.299988
10/21/11,316.5
10/24/11,321.5
10/25/11,322.200012
10/26/11,317
10/27/11,323.5
10/28/11,317.5
10/31/11,316.100006
11/1/11,310.700012
11/2/11,310.5
11/3/11,314.5
11/4/11,315.399994
11/7/11,309.299988
11/8/11,307.600006
11/9/11,303.100006
11/10/11,297.899994
11/11/11,299.5
11/14/11,299.200012
11/15/11,301.399994
11/16/11,296.399994
11/17/11,294.5
11/18/11,298.399994
11/21/11,289.600006
11/22/11,292
11/23/11,282.5
11/25/11,
11/28/11,287.799988
11/29/11,286.100006
11/30/11,290.399994
12/1/11,287.200012
12/2/11,286.399994
12/5/11,281.100006
12/6/11,282.200012
12/7/11,283.700012
12/8/11,282.700012
12/9/11,275.5
12/12/11,278.100006
12/13/11,282.200012
12/14/11,280.600006
12/15/11,282.899994
12/16/11,290.299988
12/19/11,293
12/20/11,295.200012
12/21/11,299
12/22/11,298.399994
12/23/11,297
12/27/11,307.700012
12/28/11,310.100006
12/29/11,306.600006
12/30/11,309.399994
1/3/12,315.799988
1/4/12,317.5
1/5/12,310.299988
1/6/12,309.600006
1/9/12,320.200012
1/10/12,319
1/11/12,310
1/12/12,306.100006
1/13/12,304.799988
1/17/12,310.5
1/18/12,312
1/19/12,315.700012
1/20/12,311.899994
1/23/12,321
1/24/12,323.5
1/25/12,321.100006
1/26/12,323.600006
1/27/12,322.200012
1/30/12,312.700012
1/31/12,319.299988
2/1/12,322.299988
2/2/12,323.399994
2/3/12,328.600006
2/6/12,327.5
2/7/12,325.399994
2/8/12,321.700012
2/9/12,321
2/10/12,320
2/13/12,330.5
2/14/12,330.100006
2/15/12,332.799988
2/16/12,330.799988
2/17/12,332.5
2/21/12,330.200012
2/22/12,331.299988
2/23/12,332.899994
2/24/12,333.600006
2/27/12,340.899994
2/28/12,346.5
2/29/12,351.200012
3/1/12,353.700012
3/2/12,357.299988
3/5/12,356.200012
3/6/12,363.100006
3/7/12,360.899994
3/8/12,363.200012
3/9/12,358.600006
3/12/12,358.399994
3/13/12,363.799988
3/14/12,362
3/15/12,371.399994
3/16/12,374.399994
3/19/12,370.899994
3/20/12,365.600006
3/21/12,369.799988
3/22/12,370.100006
3/23/12,373
3/26/12,377.899994
3/27/12,376
3/28/12,377.700012
3/29/12,375
3/30/12,388.700012
4/2/12,391.200012
4/3/12,386.5
4/4/12,388.200012
4/5/12,391.899994
4/9/12,388.799988
4/10/12,389.799988
4/11/12,386.799988
4/12/12,394.600006
4/13/12,395.799988
4/16/12,391.399994
4/17/12,393.799988
4/18/12,390.600006
4/19/12,391.899994
4/20/12,406
4/23/12,399.799988
4/24/12,412.100006
4/25/12,413.899994
4/26/12,419.600006
4/27/12,427.399994
4/30/12,434.299988
5/1/12,432.5
5/2/12,428.5
5/3/12,425.200012
5/4/12,432.100006
5/7/12,425.200012
5/8/12,416.600006
5/9/12,414.899994
5/10/12,423.899994
5/11/12,411
5/14/12,406.799988
5/15/12,417.200012
5/16/12,425
5/17/12,428
5/18/12,417.899994
5/21/12,416.5
5/22/12,405
5/23/12,405.799988
5/24/12,410.799988
5/25/12,409.299988
5/29/12,412.5
5/30/12,409.899994
5/31/12,394.5
6/1/12,394.5
6/4/12,396.100006
6/5/12,400
6/6/12,414.600006
6/7/12,425.5
6/8/12,429.799988
6/11/12,428
6/12/12,433
6/13/12,422
6/14/12,416.5
6/15/12,410.100006
6/18/12,412.899994
6/19/12,427.899994
6/20/12,427.399994
6/21/12,429
6/22/12,422
6/25/12,432.799988
6/26/12,427.200012
6/27/12,428
6/28/12,426.600006
6/29/12,436
7/2/12,442.5
7/3/12,
7/5/12,474.299988
7/6/12,471.600006
7/9/12,485.5
7/10/12,482.200012
7/11/12,478
7/12/12,478.799988
7/13/12,488.899994
7/16/12,487.299988
7/17/12,494
7/18/12,514
7/19/12,532
7/20/12,543
7/23/12,523
7/24/12,509.799988
7/25/12,529.799988
7/26/12,518.799988
7/27/12,527.700012
7/30/12,546.299988
7/31/12,544.700012
8/1/12,537.200012
8/2/12,523.700012
8/3/12,531.5
8/6/12,518.200012
8/7/12,512.299988
8/8/12,521.900024
8/9/12,538.700012
8/10/12,544.5
8/13/12,526.299988
8/14/12,530.799988
8/15/12,520
8/16/12,516.5
8/17/12,522.700012
8/20/12,532.599976
8/21/12,543.599976
8/22/12,535.700012
8/23/12,527.799988
8/24/12,533.400024
8/27/12,531.799988
8/28/12,534.200012
8/29/12,543.299988
8/30/12,548.099976
8/31/12,547.099976
9/4/12,541.400024
9/5/12,532
9/6/12,531.799988
9/7/12,531.599976
9/10/12,527.200012
9/11/12,523.900024
9/12/12,535.400024
9/13/12,533.5
9/14/12,524.599976
9/17/12,503.5
9/18/12,491.399994
9/19/12,499.700012
9/20/12,482.299988
9/21/12,484.5
9/24/12,481.600006
9/25/12,485.200012
9/26/12,475.100006
9/27/12,473.100006
9/28/12,487
10/1/12,474.600006
10/2/12,463.399994
10/3/12,465.5
10/4/12,470.799988
10/5/12,474.700012
10/8/12,478.5
10/9/12,478.100006
10/10/12,470.100006
10/11/12,482.700012
10/12/12,474.299988
10/15/12,456.100006
10/16/12,452.799988
10/17/12,454.700012
10/18/12,463.299988
10/19/12,463.799988
10/22/12,471
10/23/12,476.200012
10/24/12,481.899994
10/25/12,481.399994
10/26/12,483.399994
10/31/12,482.200012
11/1/12,484.299988
11/2/12,475.899994
11/5/12,469
11/6/12,472.700012
11/7/12,469.5
11/8/12,462.899994
11/9/12,449.700012
11/12/12,431.399994
11/13/12,433.100006
11/14/12,436
11/15/12,430.5
11/16/12,424.600006
11/19/12,424.600006
11/20/12,429.600006
11/21/12,427.899994
11/23/12,
11/26/12,431.700012
11/27/12,439.299988
11/28/12,439.899994
11/29/12,442.700012
11/30/12,442.399994
12/3/12,445.200012
12/4/12,447.799988
12/5/12,453.200012
12/6/12,458
12/7/12,450.5
12/10/12,452.399994
12/11/12,455
12/12/12,459.5
12/13/12,460.5
12/14/12,460.100006
12/17/12,455.399994
12/18/12,444.899994
12/19/12,436.5
12/20/12,427.700012
12/21/12,433.799988
12/24/12,
12/26/12,431.299988
12/27/12,429.799988
12/28/12,427.700012
12/31/12,420.600006
1/2/13,407.100006
1/3/13,405.600006
1/4/13,398.200012
1/7/13,408.5
1/8/13,410.600006
1/9/13,411.299988
1/10/13,408.700012
1/11/13,403.100006
1/14/13,417.899994
1/15/13,411.899994
1/16/13,419.100006
1/17/13,414
1/18/13,414.399994
1/22/13,421.600006
1/23/13,416.5
1/24/13,414.700012
1/25/13,416.399994
1/28/13,420.299988
1/29/13,423.700012
1/30/13,432.700012
1/31/13,426.399994
2/1/13,428.200012
2/4/13,434.299988
2/5/13,438.5
2/6/13,437.100006
2/7/13,437.600006
2/8/13,422.399994
2/11/13,413
2/12/13,410.299988
2/13/13,408.100006
2/14/13,407.200012
2/15/13,409.399994
2/19/13,425.299988
2/20/13,433.600006
2/21/13,437.299988
2/22/13,426.899994
2/25/13,425.600006
2/26/13,427.700012
2/27/13,429.299988
2/28/13,434.799988
3/1/13,427.299988
3/4/13,432.200012
3/5/13,434.899994
3/6/13,434.200012
3/7/13,436
3/8/13,436.100006
3/11/13,438.100006
3/12/13,436.399994
3/13/13,427
3/14/13,422.799988
3/15/13,418.799988
3/18/13,413.299988
3/19/13,411.600006
3/20/13,413.799988
3/21/13,422.899994
3/22/13,419.299988
3/25/13,417.799988
3/26/13,420.200012
3/27/13,423.100006
3/28/13,404.600006
3/29/13,
4/1/13,398.5
4/2/13,402.100006
4/3/13,398
4/4/13,397.100006
4/5/13,391.799988
4/8/13,393.299988
4/9/13,394.799988
4/10/13,392.899994
4/11/13,395
4/12/13,400.200012
4/15/13,393.299988
4/16/13,401.299988
4/17/13,407.299988
4/18/13,411
4/19/13,412.399994
4/22/13,410
4/23/13,411.700012
4/24/13,405.899994
4/25/13,414.299988
4/26/13,417.899994
4/29/13,431.399994
4/30/13,428.299988
5/1/13,415.600006
5/2/13,418.600006
5/3/13,417.799988
5/6/13,413.100006
5/7/13,416.299988
5/8/13,425.299988
5/9/13,440.100006
5/10/13,444.299988
5/13/13,457.899994
5/14/13,461
5/15/13,410.5
5/16/13,414.899994
5/17/13,425.100006
5/20/13,435.299988
5/21/13,438.700012
5/22/13,440.600006
5/23/13,437
5/24/13,428.200012
5/28/13,442.299988
5/29/13,444.299988
5/30/13,440.799988
5/31/13,447.200012
6/3/13,454.399994
6/4/13,452.5
6/5/13,455.899994
6/6/13,454
6/7/13,452.5
6/10/13,448.299988
6/11/13,463.399994
6/12/13,461.399994
6/13/13,452.600006
6/14/13,450.700012
6/17/13,449.100006
6/18/13,451.799988
6/19/13,453.600006
6/20/13,445.600006
6/21/13,447.700012
6/24/13,451
6/25/13,458.799988
6/26/13,463.299988
6/27/13,479.600006
6/28/13,490.299988
7/1/13,484.799988
7/2/13,487
7/3/13,
7/5/13,489.100006
7/8/13,511.100006
7/9/13,520.799988
7/10/13,520.5
7/11/13,525.700012
7/12/13,535.5
7/15/13,451.5
7/16/13,466.799988
7/17/13,469.100006
7/18/13,470.399994
7/19/13,482.399994
7/22/13,502.399994
7/23/13,487.799988
7/24/13,467.799988
7/25/13,447.799988
7/26/13,430.299988
7/29/13,438.899994
7/30/13,429.200012
7/31/13,435.100006
8/1/13,425.399994
8/2/13,412.100006
8/5/13,402.600006
8/6/13,396
8/7/13,400.299988
8/8/13,422.5
8/9/13,420.5
8/12/13,425.700012
8/13/13,426.899994
8/14/13,433.899994
8/15/13,409.799988
8/16/13,408.799988
8/19/13,420.299988
8/20/13,413.799988
8/21/13,421.5
8/22/13,413.299988
8/23/13,433.200012
8/26/13,458.600006
8/27/13,455.899994
8/28/13,463.299988
8/29/13,467.399994
8/30/13,468.200012
9/3/13,485.399994
9/4/13,468.600006
9/5/13,479.5
9/6/13,482.100006
9/9/13,465.799988
9/10/13,462.5
9/11/13,460.899994
9/12/13,480.899994
9/13/13,496.200012
9/16/13,431.200012
9/17/13,428.799988
9/18/13,427
9/19/13,421.600006
9/20/13,413.399994
9/23/13,411.100006
9/24/13,414.100006
9/25/13,418.600006
9/26/13,416.399994
9/27/13,419.899994
9/30/13,409.899994
10/1/13,408.5
10/2/13,417.600006
10/3/13,427.799988
10/4/13,431.299988
10/7/13,433.700012
10/8/13,428.700012
10/9/13,425.200012
10/10/13,424.399994
10/11/13,422
10/14/13,423.200012
10/15/13,402.399994
10/16/13,403.799988
10/17/13,413
10/18/13,410.100006
10/21/13,415.700012
10/22/13,416.100006
10/23/13,421.399994
10/24/13,426
10/25/13,423.5
10/28/13,414.700012
10/29/13,410.799988
10/30/13,411.799988
10/31/13,403.600006
11/1/13,394.899994
11/4/13,396.899994
11/5/13,392.799988
11/6/13,396.799988
11/7/13,403.799988
11/8/13,422.299988
11/11/13,422.100006
11/12/13,427.700012
11/13/13,423.299988
11/14/13,424.600006
11/15/13,410.5
11/18/13,415.799988
11/19/13,408.899994
11/20/13,407
11/21/13,411
11/22/13,427.799988
11/25/13,437.200012
11/26/13,450.200012
11/27/13,445.899994
11/29/13,
12/2/13,447
12/3/13,446.100006
12/4/13,447.899994
12/5/13,446.100006
12/6/13,447.299988
12/9/13,461.600006
12/10/13,464.100006
12/11/13,464.600006
12/12/13,459.399994
12/13/13,462.899994
12/16/13,439
12/17/13,448
12/18/13,441.200012
12/19/13,442.100006
12/20/13,446.600006
12/23/13,444.200012
12/24/13,
12/26/13,441
12/27/13,445.700012
12/30/13,450.299988
12/31/13,437.700012
1/2/14,423.799988
1/3/14,424.5
1/6/14,428.799988
1/7/14,434.600006
1/8/14,430.600006
1/9/14,433
1/10/14,435.200012
1/13/14,446.899994
1/14/14,452.5
1/15/14,434.5
1/16/14,432
1/17/14,434.5
1/21/14,416.5
1/22/14,419.399994
1/23/14,418.700012
1/24/14,425.700012
1/27/14,430.899994
1/28/14,428.600006
1/29/14,423.299988
1/30/14,425.200012
1/31/14,426.100006
2/3/14,434
2/4/14,447
2/5/14,442
2/6/14,446
2/7/14,446.399994
2/10/14,444
2/11/14,449.200012
2/12/14,443.5
2/13/14,452.799988
2/14/14,450
2/18/14,456.899994
2/19/14,453
2/20/14,450.899994
2/21/14,455.799988
2/24/14,465.899994
2/25/14,469.600006
2/26/14,468.299988
2/27/14,464
2/28/14,467.899994
3/3/14,461.299988
3/4/14,458.799988
3/5/14,457.700012
3/6/14,458.399994
3/7/14,465
3/10/14,452.700012
3/11/14,452.299988
3/12/14,448.299988
3/13/14,449.600006
3/14/14,449
3/17/14,446.600006
3/18/14,455.799988
3/19/14,462
3/20/14,466.5
3/21/14,455.899994
3/24/14,462
3/25/14,463.700012
3/26/14,469.100006
3/27/14,470.5
3/28/14,468.399994
3/31/14,479.299988
4/1/14,482.700012
4/2/14,476.5
4/3/14,480.100006
4/4/14,479.100006
4/7/14,474.299988
4/8/14,478.100006
4/9/14,482.100006
4/10/14,479.5
4/11/14,472.899994
4/14/14,479.100006
4/15/14,487.399994
4/16/14,491
4/17/14,488.299988
4/21/14,485.700012
4/22/14,479.799988
4/23/14,478.100006
4/24/14,480.200012
4/25/14,490.600006
4/28/14,496.899994
4/29/14,499.899994
4/30/14,503.899994
5/1/14,486.700012
5/2/14,491.200012
5/5/14,489.100006
5/6/14,486.600006
5/7/14,481.299988
5/8/14,490.600006
5/9/14,497.5
5/12/14,489.5
5/13/14,497.700012
5/14/14,497.899994
5/15/14,481.399994
5/16/14,480.200012
5/19/14,490.5
5/20/14,486.700012
5/21/14,498.100006
5/22/14,501.5
5/23/14,502.600006
5/27/14,494.200012
5/28/14,498.5
5/29/14,498.399994
5/30/14,500.200012
6/2/14,506
6/3/14,499.600006
6/4/14,496.5
6/5/14,490.600006
6/6/14,487.600006
6/9/14,482.200012
6/10/14,484.5
6/11/14,482.299988
6/12/14,469.200012
6/13/14,467.899994
6/16/14,462.399994
6/17/14,450.700012
6/18/14,453.200012
6/19/14,451.200012
6/20/14,459.200012
6/23/14,455.799988
6/24/14,448.399994
6/25/14,451.700012
6/26/14,465.5
6/27/14,469.799988
6/30/14,458.299988
7/1/14,456.100006
7/2/14,452.299988
7/3/14,
7/7/14,443.700012
7/8/14,437.299988
7/9/14,439.5
7/10/14,434.299988
7/11/14,421.799988
7/14/14,421.5
7/15/14,379.100006
7/16/14,383.700012
7/17/14,380.5
7/18/14,380.299988
7/21/14,380.700012
7/22/14,381.799988
7/23/14,391.5
7/24/14,395.299988
7/25/14,398
7/28/14,402.799988
7/29/14,395.399994
7/30/14,387.600006
7/31/14,391.299988
8/1/14,387.5
8/4/14,388.200012
8/5/14,382.200012
8/6/14,388
8/7/14,390.600006
8/8/14,397.5
8/11/14,400.399994
8/12/14,400.200012
8/13/14,418.700012
8/14/14,464.200012
8/15/14,388.299988
8/18/14,392.100006
8/19/14,399.799988
8/20/14,402.600006
8/21/14,413.799988
8/22/14,433.299988
8/25/14,406.100006
8/26/14,388.700012
8/27/14,416.5
8/28/14,433.200012
8/29/14,439.5
9/2/14,450.100006
9/3/14,447.200012
9/4/14,431.399994
9/5/14,436.100006
9/8/14,446.200012
9/9/14,453.700012
9/10/14,442.799988
9/11/14,426.700012
9/12/14,408
9/15/14,338.799988
9/16/14,338.299988
9/17/14,336.399994
9/18/14,328.799988
9/19/14,324.100006
9/22/14,319.399994
9/23/14,317.100006
9/24/14,316.399994
9/25/14,312.399994
9/26/14,307.200012
9/29/14,308.100006
9/30/14,304.600006
10/1/14,305.299988
10/2/14,308.700012
10/3/14,308
10/6/14,320.299988
10/7/14,327
10/8/14,329.799988
10/9/14,333
10/10/14,339.299988
10/13/14,343.399994
10/14/14,366
10/15/14,327.299988
10/16/14,334.600006
10/17/14,330.5
10/20/14,329.399994
10/21/14,342.899994
10/22/14,338
10/23/14,352.399994
10/24/14,350.200012
10/27/14,376.799988
10/28/14,375.100006
10/29/14,397.200012
10/30/14,380
10/31/14,389
11/3/14,372.700012
11/4/14,372.5
11/5/14,375.299988
11/6/14,391.700012
11/7/14,390.399994
11/10/14,380.899994
11/11/14,400.600006
11/12/14,395
11/13/14,393.5
11/14/14,379.899994
11/17/14,387.100006
11/18/14,378
11/19/14,370.399994
11/20/14,370.799988
11/21/14,378.399994
11/24/14,374.899994
11/25/14,390.600006
11/26/14,401.600006
11/28/14,
12/1/14,384.399994
12/2/14,383.100006
12/3/14,381.100006
12/4/14,385.700012
12/5/14,394.200012
12/8/14,401.5
12/9/14,411.600006
12/10/14,405.200012
12/11/14,406.100006
12/12/14,378.899994
12/15/14,365.399994
12/16/14,356.600006
12/17/14,359.299988
12/18/14,365.299988
12/19/14,363.5
12/22/14,368.399994
12/23/14,371.299988
12/24/14,
12/26/14,379.700012
12/29/14,377.399994
12/30/14,369.5
12/31/14,364.600006
1/2/15,356.5
1/5/15,369
1/6/15,370.799988
1/7/15,368.5
1/8/15,361.299988
1/9/15,363.799988
1/12/15,356.5
1/13/15,349.700012
1/14/15,328.899994
1/15/15,326.700012
1/16/15,326.200012
1/20/15,326.5
1/21/15,330.5
1/22/15,330.100006
1/23/15,331.5
1/26/15,338.899994
1/27/15,336.600006
1/28/15,337.399994
1/29/15,337.899994
1/30/15,329.899994
2/2/15,327.899994
2/3/15,340.600006
2/4/15,332.700012
2/5/15,331.399994
2/6/15,329.399994
2/9/15,329.600006
2/10/15,326.899994
2/11/15,329.600006
2/12/15,330.5
2/13/15,332.299988
2/17/15,342.299988
2/18/15,338.600006
2/19/15,347.5
2/20/15,347.5
2/23/15,348.299988
2/24/15,356.899994
2/25/15,350.5
2/26/15,354.600006
2/27/15,353.700012
3/2/15,344.299988
3/3/15,341.799988
3/4/15,334.100006
3/5/15,334.399994
3/6/15,337
3/9/15,343.899994
3/10/15,342
3/11/15,345.700012
3/12/15,343.5
3/13/15,338
3/16/15,323.700012
3/17/15,317.5
3/18/15,320.799988
3/19/15,319.299988
3/20/15,324
3/23/15,327.299988
3/24/15,326.299988
3/25/15,324.5
3/26/15,322.399994
3/27/15,321.399994
3/30/15,323.200012
3/31/15,326.799988
4/1/15,331.899994
4/2/15,327.299988
4/6/15,323
4/7/15,319.700012
4/8/15,319.899994
4/9/15,312.100006
4/10/15,309.200012
4/13/15,308.799988
4/14/15,313.600006
4/15/15,311.5
4/16/15,312.399994
4/17/15,315
4/20/15,318.5
4/21/15,315.799988
4/22/15,315.5
4/23/15,316.600006
4/24/15,314.600006
4/27/15,315.100006
4/28/15,318.700012
4/29/15,324.200012
4/30/15,318.899994
5/1/15,314.700012
5/4/15,315.799988
5/5/15,318.100006
5/6/15,317.600006
5/7/15,317.399994
5/8/15,315.200012
5/11/15,312.100006
5/12/15,302.5
5/13/15,301.700012
5/14/15,310.600006
5/15/15,303.299988
5/18/15,308
5/19/15,307.100006
5/20/15,304.5
5/21/15,304.100006
5/22/15,304.200012
5/26/15,301.899994
5/27/15,308.100006
5/28/15,304.799988
5/29/15,305.700012
6/1/15,296.600006
6/2/15,301.799988
6/3/15,302.700012
6/4/15,305.700012
6/5/15,304.899994
6/8/15,309.5
6/9/15,316.5
6/10/15,314.399994
6/11/15,313.399994
6/12/15,317.399994
6/15/15,313.200012
6/16/15,320.799988
6/17/15,323.700012
6/18/15,326.600006
6/19/15,323.100006
6/22/15,333.600006
6/23/15,331.899994
6/24/15,328
6/25/15,336.700012
6/26/15,341.299988
6/29/15,341.899994
6/30/15,359.5
7/1/15,359.799988
7/2/15,357.399994
7/6/15,354.399994
7/7/15,349.899994
7/8/15,350.799988
7/9/15,364
7/10/15,366
7/13/15,368
7/14/15,374.799988
7/15/15,362.200012
7/16/15,363.600006
7/17/15,361.100006
7/20/15,356
7/21/15,359.899994
7/22/15,363.5
7/23/15,359
7/24/15,354.799988
7/27/15,344.200012
7/28/15,345.200012
7/29/15,350
7/30/15,357.100006
7/31/15,354.600006
8/3/15,351.399994
8/4/15,350.700012
8/5/15,355.100006
8/6/15,350.100006
8/7/15,352.600006
8/10/15,362.5
8/11/15,347.899994
8/12/15,335.899994
8/13/15,344.100006
8/14/15,330.899994
8/17/15,325.399994
8/18/15,324.600006
8/19/15,324
8/20/15,330.899994
8/21/15,326.899994
8/24/15,326.399994
8/25/15,327.600006
8/26/15,324.399994
8/27/15,322.899994
8/28/15,321.399994
8/31/15,320.899994
9/1/15,317.899994
9/2/15,318.100006
9/3/15,316.5
9/4/15,313.899994
9/8/15,312
9/9/15,312.5
9/10/15,311.399994
9/11/15,314.100006
9/14/15,312.700012
9/15/15,318.600006
9/16/15,316.299988
9/17/15,313.200012
9/18/15,309
9/21/15,309.600006
9/22/15,304.899994
9/23/15,303.100006
9/24/15,302.399994
9/25/15,308.700012
9/28/15,304.700012
9/29/15,305.700012
9/30/15,308.299988
10/1/15,302.600006
10/2/15,298.5
10/5/15,301
10/6/15,301.799988
10/7/15,305.200012
10/8/15,303.799988
10/9/15,306.899994
10/12/15,309.299988
10/13/15,320.700012
10/14/15,317.799988
10/15/15,314
10/16/15,312
10/19/15,310.799988
10/20/15,309.5
10/21/15,310.5
10/22/15,307.799988
10/23/15,305.100006
10/26/15,302.200012
10/27/15,304.700012
10/28/15,299.899994
10/29/15,301.600006
10/30/15,304.399994
11/2/15,302.200012
11/3/15,301.299988
11/4/15,301.799988
11/5/15,296.399994
11/6/15,295.700012
11/9/15,295
11/10/15,292.200012
11/11/15,294
11/12/15,291.399994
11/13/15,288.799988
11/16/15,288.799988
11/17/15,288.5
11/18/15,285.600006
11/19/15,286.600006
11/20/15,283
11/23/15,285.299988
11/24/15,283.799988
11/25/15,284.799988
11/27/15,282.399994
11/30/15,284.600006
12/1/15,285.700012
12/2/15,286.299988
12/3/15,287.100006
12/4/15,285.100006
12/7/15,278.899994
12/8/15,276.600006
12/9/15,278.799988
12/10/15,274.200012
12/11/15,272.200012
12/14/15,277.799988
12/15/15,271.799988
12/16/15,269.899994
12/17/15,275.899994
12/18/15,281
12/21/15,279
12/22/15,276.899994
12/23/15,272.399994
12/24/15,269
12/28/15,267.299988
12/29/15,268.5
12/30/15,265.799988
12/31/15,264.299988
1/4/16,263.200012
1/5/16,265.299988
1/6/16,266.899994
1/7/16,266.200012
1/8/16,267.899994
1/11/16,268.799988
1/12/16,274.700012
1/13/16,272.899994
1/14/16,269.700012
1/15/16,270.700012
1/18/16,
1/19/16,271.299988
1/20/16,269.799988
1/21/16,272.200012
1/22/16,268.5
1/25/16,272.5
1/26/16,269.899994
1/27/16,272.5
1/28/16,266.899994
1/29/16,272.399994
2/1/16,271
2/2/16,274.600006
2/3/16,270.100006
2/4/16,267.600006
2/5/16,265
2/8/16,264.5
2/9/16,263.100006
2/10/16,261
2/11/16,263.700012
2/12/16,262
2/15/16,
2/16/16,264.799988
2/17/16,263.600006
2/18/16,263.5
2/19/16,264.5
2/22/16,264.899994
2/23/16,263.200012
2/24/16,262.899994
2/25/16,260
2/26/16,257.200012
2/29/16,259.299988
3/1/16,258.100006
3/2/16,261.200012
3/3/16,262
3/4/16,267.700012
3/7/16,268.5
3/8/16,270.799988
3/9/16,269.600006
3/10/16,270.200012
3/11/16,272
3/14/16,268.100006
3/15/16,268.200012
3/16/16,267.700012
3/17/16,267
3/18/16,266.600006
3/21/16,268.799988
3/22/16,271
3/23/16,270.899994
3/24/16,275.299988
3/28/16,272.100006
3/29/16,273.200012
3/30/16,271.899994
3/31/16,270.299988
4/1/16,272.299988
4/4/16,268.200012
4/5/16,268.700012
4/6/16,267.899994
4/7/16,266.799988
4/8/16,273.700012
4/11/16,280.100006
4/12/16,285.100006
4/13/16,292.700012
4/14/16,290.100006
4/15/16,295.899994
4/18/16,293
4/19/16,305.100006
4/20/16,318.899994
4/21/16,325.200012
4/22/16,311.700012
4/25/16,316.399994
4/26/16,323.299988
4/27/16,325.200012
4/28/16,330.600006
4/29/16,332.100006
5/2/16,345.299988
5/3/16,339.5
5/4/16,343
5/5/16,335
5/6/16,341.200012
5/9/16,340.200012
5/10/16,360.399994
5/11/16,364.399994
5/12/16,366.799988
5/13/16,361
5/16/16,361.200012
5/17/16,369.100006
5/18/16,372.700012
5/19/16,378.100006
5/20/16,392.700012
5/23/16,387.700012
5/24/16,388.899994
5/25/16,407.200012
5/26/16,409.600006
5/27/16,402.600006
5/31/16,396.600006
6/1/16,399.100006
6/2/16,418.299988
6/3/16,414.299988
6/6/16,411.700012
6/7/16,407.799988
6/8/16,417.100006
6/9/16,413.5
6/10/16,414
6/13/16,408.399994
6/14/16,408.600006
6/15/16,407.200012
6/16/16,397.700012
6/17/16,407.399994
6/20/16,402.700012
6/21/16,393.299988
6/22/16,391
6/23/16,383.200012
6/24/16,375.600006
6/27/16,384
6/28/16,392.399994
6/29/16,397.100006
6/30/16,405.299988
7/1/16,404.799988
7/5/16,385.399994
7/6/16,386
7/7/16,370
7/8/16,378.700012
7/11/16,373.700012
7/12/16,378.299988
7/13/16,388.5
7/14/16,381.299988
7/15/16,369.399994
7/18/16,373
7/19/16,359.700012
7/20/16,352.399994
7/21/16,352.5
7/22/16,346.700012
7/25/16,338.899994
7/26/16,341.399994
7/27/16,344.799988
7/28/16,341.5
7/29/16,350
8/1/16,334
8/2/16,328.399994
8/3/16,330.5
8/4/16,329.700012
8/5/16,335.799988
8/8/16,337.899994
8/9/16,339.200012
8/10/16,336.200012
8/11/16,333.899994
8/12/16,332.899994
8/15/16,339.600006
8/16/16,336.700012
8/17/16,336.700012
8/18/16,334.399994
8/19/16,330
8/22/16,334.200012
8/23/16,332.399994
8/24/16,331.5
8/25/16,324.299988
8/26/16,321.200012
8/29/16,319.5
8/30/16,313.799988
8/31/16,312.200012
9/1/16,313.100006
9/2/16,313.700012
9/6/16,317.100006
9/7/16,323.799988
9/8/16,325.100006
9/9/16,323.299988
9/12/16,318.299988
9/13/16,310.399994
9/14/16,315.700012
9/15/16,308.600006
9/16/16,313.700012
9/19/16,311.899994
9/20/16,313.100006
9/21/16,308.700012
9/22/16,307.899994
9/23/16,303.299988
9/26/16,297.600006
9/27/16,299.299988
9/28/16,299.700012
9/29/16,297.899994
9/30/16,297.899994
10/3/16,305.899994
10/4/16,304.5
10/5/16,303.799988
10/6/16,301.5
10/7/16,298.600006
10/11/16,297.600006
10/12/16,294.5
10/13/16,299.799988
10/14/16,299.799988
10/17/16,303.5
10/18/16,303.399994
10/19/16,306.399994
10/20/16,304.600006
10/21/16,306.5
10/24/16,307.299988
10/25/16,308.200012
10/26/16,319.100006
10/27/16,327.600006
10/28/16,317.5
10/31/16,316.100006
11/1/16,309.5
11/2/16,306.700012
11/3/16,306.399994
11/4/16,309
11/7/16,311.899994
11/8/16,315.700012
11/9/16,311.399994
11/10/16,311.399994
11/14/16,309.899994
11/15/16,310.100006
11/16/16,308.399994
11/17/16,311.5
11/18/16,310.399994
11/21/16,319.700012
11/22/16,324.899994
11/23/16,316.399994
11/25/16,320.799988
11/28/16,325.899994
11/29/16,321.700012
11/30/16,316.399994
12/1/16,310.899994
12/2/16,310.700012
12/5/16,317.700012
12/6/16,320.200012
12/7/16,319.200012
12/8/16,312.399994
12/9/16,317.399994
12/12/16,314.799988
12/13/16,313.5
12/14/16,311.100006
12/15/16,314
12/16/16,317.100006
12/19/16,312.200012
12/20/16,308.799988
12/21/16,309.5
12/22/16,309.299988
12/23/16,308
12/27/16,317.799988
12/28/16,316.200012
12/29/16,314.799988
12/30/16,312.899994
1/3/17,308.299988
1/4/17,315.299988
1/5/17,314.399994
1/6/17,307.5
1/9/17,309.799988
1/10/17,313.399994
1/11/17,310.700012
1/12/17,324.200012
1/13/17,332.5
1/17/17,348.799988
1/18/17,351.100006
1/19/17,348.200012
1/20/17,348.700012
1/23/17,343.5
1/24/17,343
1/25/17,343.299988
1/26/17,342.399994
1/27/17,343
1/30/17,334.399994
1/31/17,334.600006
2/1/17,336
2/2/17,333.799988
2/3/17,331.600006
2/6/17,332.799988
2/7/17,335.899994
2/8/17,341.200012
2/9/17,338.399994
2/10/17,342.100006
2/13/17,343.200012
2/14/17,339.5
2/15/17,346.899994
2/16/17,342
2/17/17,339.600006
2/21/17,337.399994
2/22/17,335
2/23/17,330.799988
2/24/17,331.299988
2/27/17,331.100006
2/28/17,332.600006
3/1/17,335.100006
3/2/17,330.799988
3/3/17,328.799988
3/6/17,329.200012
3/7/17,326.899994
3/8/17,326.5
3/9/17,324.100006
3/10/17,324.600006
3/13/17,326.899994
3/14/17,323.299988
3/15/17,327.600006
3/16/17,329.299988
3/17/17,328.899994
3/20/17,326.600006
3/21/17,325.799988
3/22/17,323.5
3/23/17,320.700012
3/24/17,318.200012
3/27/17,315.299988
3/28/17,315.299988
3/29/17,315.799988
3/30/17,314.899994
3/31/17,308.399994
4/3/17,307.600006
4/4/17,308.100006
4/5/17,309.799988
4/6/17,308.700012
4/7/17,307.399994
4/10/17,309.100006
4/11/17,309.299988
4/12/17,312.700012
4/13/17,317.5
4/17/17,313.399994
4/18/17,312.200012
4/19/17,310.799988
4/20/17,307.899994
4/21/17,309.600006
4/24/17,316.399994
4/25/17,313.5
4/26/17,309.600006
4/27/17,310.5
4/28/17,311.700012
5/1/17,314.299988
5/2/17,310.799988
5/3/17,314.600006
5/4/17,314.100006
5/5/17,312.299988
5/8/17,309.5
5/9/17,314.200012
5/10/17,313.799988
5/11/17,311.100006
5/12/17,309.700012
5/15/17,312.5
5/16/17,317
5/17/17,315.299988
5/18/17,307.5
5/19/17,307
5/22/17,307.799988
5/23/17,306.299988
5/24/17,306.399994
5/25/17,304.700012
5/26/17,301.799988
5/30/17,297.600006
5/31/17,298.100006
6/1/17,297.5
6/2/17,301.899994
6/5/17,300.600006
6/6/17,301.100006
6/7/17,304.899994
6/8/17,306.100006
6/9/17,305.899994
6/12/17,301.799988
6/13/17,301.5
6/14/17,301.799988
6/15/17,300.600006
6/16/17,300.899994
6/19/17,301.5
6/20/17,300.899994
6/21/17,297.899994
6/22/17,293.799988
6/23/17,293.600006
6/26/17,294.100006
6/27/17,294
6/28/17,294.600006
6/29/17,294.399994
6/30/17,304.399994
7/3/17,
7/5/17,316.5
7/6/17,320
7/7/17,328.5
7/10/17,336.399994
7/11/17,336.799988
7/12/17,334.399994
7/13/17,316.799988
7/14/17,322.299988
7/17/17,321.799988
7/18/17,323.5
7/19/17,326.600006
7/20/17,330.5
7/21/17,329.700012
7/24/17,325.899994
7/25/17,318.299988
7/26/17,319.799988
7/27/17,322.299988
7/28/17,321
7/31/17,318.600006
8/1/17,308.299988
8/2/17,309
8/3/17,306.299988
8/4/17,303.5
8/7/17,308
8/8/17,307.799988
8/9/17,306.600006
8/10/17,294.200012
8/11/17,298.100006
8/14/17,296.299988
8/15/17,295.799988
8/16/17,294.600006
8/17/17,296.100006
8/18/17,297.200012
8/21/17,295.799988
8/22/17,295.299988
8/23/17,293.299988
8/24/17,297.600006
8/25/17,296.399994
8/28/17,295.5
8/29/17,294.600006
8/30/17,292.399994
8/31/17,294.299988
9/1/17,293.200012
9/5/17,302.799988
9/6/17,303.600006
9/7/17,302.399994
9/8/17,300.899994
9/11/17,298.899994
9/12/17,295.100006
9/13/17,300.299988
9/14/17,308.700012
9/15/17,308
9/18/17,309
9/19/17,305
9/20/17,306.299988
9/21/17,309
9/22/17,315
9/25/17,310.100006
9/26/17,308.799988
9/27/17,308.799988
9/28/17,306.799988
9/29/17,311.5
10/2/17,309.100006
10/3/17,307.299988
10/4/17,306.899994
10/5/17,312.899994
10/6/17,315
10/9/17,311.5
10/10/17,312.5
10/11/17,311.200012
10/12/17,322.700012
10/13/17,324.5
10/16/17,324.5
10/17/17,321.600006
10/18/17,321.799988
10/19/17,321.399994
10/20/17,317.100006
10/23/17,315.899994
10/24/17,314.200012
10/25/17,315.399994
10/26/17,312.100006
10/27/17,312.100006
10/30/17,312.299988
10/31/17,311.799988
11/1/17,313.600006
11/2/17,317.399994
11/3/17,313.899994
11/6/17,316.100006
11/7/17,315.5
11/8/17,315.200012
11/9/17,311.799988
11/10/17,314.5
11/13/17,311.299988
11/14/17,310.299988
11/15/17,311.299988
11/16/17,310.5
11/17/17,318.200012
11/20/17,319.799988
11/21/17,318.299988
11/22/17,324.399994
11/24/17,
11/27/17,327.100006
11/28/17,323.5
11/29/17,325
11/30/17,324.5
12/1/17,328.200012
12/4/17,335.399994
12/5/17,341.299988
12/6/17,340.399994
12/7/17,333.5
12/8/17,330
12/11/17,326
12/12/17,322.899994
12/13/17,325.100006
12/14/17,321.200012
12/15/17,320.600006
12/18/17,318.5
12/19/17,315.200012
12/20/17,315.700012
12/21/17,314.200012
12/22/17,312.799988
12/26/17,315.200012
12/27/17,314.200012
12/28/17,311.799988
12/29/17,312.600006
1/2/18,313.5
1/3/18,314.399994
1/4/18,315.799988
1/5/18,317.899994
1/8/18,317.5
1/9/18,314.5
1/10/18,312.899994
1/11/18,309.600006
1/12/18,309.799988
1/16/18,322.799988
1/17/18,324.299988
1/18/18,328.399994
1/19/18,331.600006
1/22/18,338.600006
1/23/18,339.600006
1/24/18,342
1/25/18,340.399994
1/26/18,335.700012
1/29/18,337.399994
1/30/18,340.5
1/31/18,337.799988
2/1/18,334
2/2/18,331.399994
2/5/18,327
2/6/18,331.700012
2/7/18,335.399994
2/8/18,341.700012
2/9/18,343.799988
2/12/18,357.799988
2/13/18,365.200012
2/14/18,369.899994
2/15/18,373.700012
2/16/18,373.299988
2/20/18,376.5
2/21/18,378
2/22/18,376.899994
2/23/18,375.5
2/26/18,377.200012
2/27/18,386.5
2/28/18,394.200012
3/1/18,394
3/2/18,390.200012
3/5/18,389.299988
3/6/18,384.5
3/7/18,380.200012
3/8/18,380.600006
3/9/18,371.700012
3/12/18,369.799988
3/13/18,372.299988
3/14/18,368.299988
3/15/18,371
3/16/18,372.899994
3/19/18,358.600006
3/20/18,361.700012
3/21/18,364.5
3/22/18,368
3/23/18,377.899994
3/26/18,375
3/27/18,372.399994
3/28/18,371.299988
3/29/18,384
4/2/18,377.299988
4/3/18,380
4/4/18,381.799988
4/5/18,383.600006
4/6/18,386.299988
4/9/18,389.600006
4/10/18,383.899994
4/11/18,380.200012
4/12/18,383.399994
4/13/18,382.799988
4/16/18,377.799988
4/17/18,381.100006
4/18/18,376.600006
4/19/18,373.299988
4/20/18,374.100006
4/23/18,371.799988
4/24/18,372.100006
4/25/18,376.200012
4/26/18,379.200012
4/27/18,393.200012
4/30/18,392.100006
5/1/18,403
5/2/18,400
5/3/18,398.399994
5/4/18,394.399994
5/7/18,384.799988
5/8/18,388.700012
5/9/18,389.200012
5/10/18,390.5
5/11/18,382.700012
5/14/18,389.799988
5/15/18,382.299988
5/16/18,376.600006
5/17/18,375.100006
5/18/18,376.299988
5/21/18,379.100006
5/22/18,377.5
5/23/18,380.700012
5/24/18,377.299988
5/25/18,380.299988
5/29/18,380.200012
5/30/18,376.899994
5/31/18,375.299988
6/1/18,374.200012
6/4/18,368.899994
6/5/18,367.299988
6/6/18,365
6/7/18,358.399994
6/8/18,357.799988
6/11/18,351.200012
6/12/18,353.5
6/13/18,347.700012
6/14/18,343.200012
6/15/18,338.899994
6/18/18,335.5
6/19/18,334.5
6/20/18,333.200012
6/21/18,331.799988
6/22/18,339.100006
6/25/18,332.899994
6/26/18,333.700012
6/27/18,333.899994
6/28/18,331.399994
6/29/18,332.799988
7/2/18,329.5
7/3/18,
7/5/18,328.200012
7/6/18,339.799988
7/9/18,331.799988
7/10/18,334.399994
7/11/18,333
7/12/18,333.399994
7/13/18,328.799988
7/16/18,329.100006
7/17/18,329.100006
7/18/18,328.200012
7/19/18,328.799988
7/20/18,326.899994
7/23/18,328
7/24/18,328.899994
7/25/18,330
7/26/18,332.600006
7/27/18,332.700012
7/30/18,333.899994
7/31/18,341.200012
8/1/18,336.5
8/2/18,332.799988
8/3/18,332.5
8/6/18,330
8/7/18,332.700012
8/8/18,337.100006
8/9/18,334
8/10/18,323.5
8/13/18,327.799988
8/14/18,335
8/15/18,329.5
8/16/18,334.600006
8/17/18,330.100006
8/20/18,328.200012
8/21/18,324.899994
8/22/18,321.100006
8/23/18,313.700012
8/24/18,312.700012
8/27/18,306.299988
8/28/18,300.700012
8/29/18,302.100006
8/30/18,301.399994
8/31/18,303.700012
9/4/18,308.299988
9/5/18,306.200012
9/6/18,311
9/7/18,314.200012
9/10/18,315.899994
9/11/18,314.200012
9/12/18,315.700012
9/13/18,311.299988
9/14/18,307.299988
9/17/18,302.899994
9/18/18,300.5
9/19/18,306.399994
9/20/18,311.399994
9/21/18,305.899994
9/24/18,304.700012
9/25/18,306.200012
9/26/18,307.700012
9/27/18,308.200012
9/28/18,305.399994
10/1/18,310.5
10/2/18,311.200012
10/3/18,307.5
10/4/18,308.399994
10/5/18,315.600006
10/8/18,314.200012
10/9/18,313.5
10/10/18,312
10/11/18,312.799988
10/12/18,312.399994
10/15/18,327
10/16/18,322.299988
10/17/18,323.700012
10/18/18,316.299988
10/19/18,313.100006
10/22/18,312.799988
10/23/18,310.700012
10/24/18,306.100006
10/25/18,304.299988
10/26/18,307.299988
10/29/18,308.200012
10/30/18,305.100006
10/31/18,306.399994
11/1/18,313.399994
11/2/18,311
11/5/18,310.600006
11/6/18,311.399994
11/7/18,308
11/8/18,306.100006
11/9/18,305.600006
11/12/18,305.600006
11/13/18,303.899994
11/14/18,305.700012
11/15/18,305.399994
11/16/18,310.899994
11/19/18,305.5
11/20/18,307.100006
11/21/18,306.600006
11/23/18,
11/26/18,303
11/27/18,304.899994
11/28/18,307.899994
11/29/18,306.899994
11/30/18,308.299988
12/3/18,312.100006
12/4/18,312.700012
12/6/18,310
12/7/18,309.100006
12/10/18,307.899994
12/11/18,308.899994
12/12/18,310.799988
12/13/18,309.399994
12/14/18,309.399994
12/17/18,309.100006
12/18/18,310.399994
12/19/18,307.799988
12/20/18,307.700012
12/21/18,305.600006
12/24/18,
12/26/18,303.399994
12/27/18,303.899994
12/28/18,308.899994
12/31/18,306.200012
1/2/19,311
1/3/19,312.700012
1/4/19,315.100006
1/7/19,318.200012
1/8/19,317.600006
1/9/19,319
1/10/19,312.600006
1/11/19,310.399994
1/14/19,306.899994
1/15/19,309.299988
1/16/19,310.100006
1/17/19,312.200012
1/18/19,315.100006
1/22/19,313
1/23/19,312.899994
1/24/19,312.299988
1/25/19,313.899994
1/28/19,312.200012
1/29/19,311.799988
1/30/19,311.100006
1/31/19,310
2/1/19,311.799988
2/4/19,310.600006
2/5/19,309.5
2/6/19,309
2/7/19,305.5
2/8/19,306.100006
2/11/19,304.899994
2/12/19,309.200012
2/13/19,310.100006
2/14/19,305.5
2/15/19,306.5
2/19/19,305.399994
2/20/19,305.200012
2/21/19,305.899994
2/22/19,305.600006
2/25/19,305.399994
2/26/19,303.200012
2/27/19,305
2/28/19,302.299988
3/1/19,303.299988
3/4/19,306.299988
3/5/19,305.600006
3/6/19,301.799988
3/7/19,302
3/8/19,299.100006
3/11/19,296.700012
3/12/19,298.299988
3/13/19,300.200012
3/14/19,301.799988
3/15/19,310.799988
3/18/19,309.799988
3/19/19,310.799988
3/20/19,311.600006
3/21/19,315.299988
3/22/19,315
3/25/19,315.100006
3/26/19,311
3/27/19,304.399994
3/28/19,306.5
3/29/19,306.5
4/1/19,309.399994
4/2/19,310.600006
4/3/19,311
4/4/19,311.899994
4/5/19,308
4/8/19,309.200012
4/9/19,309.100006
4/10/19,310.100006
4/11/19,307.200012
4/12/19,307.899994
4/15/19,311
4/16/19,306.5
4/17/19,303.899994
4/18/19,303.200012
4/22/19,302.5
4/23/19,301
4/24/19,300.399994
4/25/19,306
4/26/19,299.899994
4/29/19,297.200012
4/30/19,296
5/1/19,296
5/2/19,292.399994
5/3/19,293.600006
5/6/19,291.799988
5/7/19,288.399994
5/8/19,288.700012
5/9/19,285.299988
5/10/19,284.100006
5/13/19,284
5/14/19,294
5/15/19,299.799988
5/16/19,301.899994
5/17/19,294.299988
5/20/19,297.299988
5/21/19,295.299988
5/22/19,298.299988
5/23/19,297.200012
5/24/19,300.5
5/28/19,312.799988
5/29/19,319
5/30/19,327.399994
5/31/19,321.299988
6/3/19,320.5
6/4/19,321
6/5/19,317.700012
6/6/19,315.899994
6/7/19,312.299988
6/10/19,313.399994
6/11/19,314.399994
6/12/19,319.5
6/13/19,321.700012
6/14/19,323.5
6/17/19,324.299988
6/18/19,322
6/19/19,316.899994
6/20/19,323
6/21/19,315.600006
6/24/19,317.600006
6/25/19,315.700012
6/26/19,313.399994
6/27/19,312.200012
6/28/19,313.100006
7/1/19,304.799988
7/2/19,303.5
7/3/19,
7/5/19,303.799988
7/8/19,304.200012
7/9/19,307.899994
7/10/19,309.100006
7/11/19,311.600006
7/12/19,313.299988
7/15/19,311.600006
7/16/19,308.399994
7/17/19,307.5
7/18/19,307
7/19/19,311.200012
7/22/19,308.399994
7/23/19,306.399994
7/24/19,306.299988
7/25/19,303.899994
7/26/19,303.100006
7/29/19,304.200012
7/30/19,300.299988
7/31/19,298.200012
8/1/19,293.200012
8/2/19,292.399994
8/5/19,294.899994
8/6/19,295.100006
8/7/19,293
8/8/19,294.799988
8/9/19,296.700012
8/12/19,291.899994
8/13/19,297.799988
8/14/19,293
8/15/19,291.799988
8/16/19,294.899994
8/19/19,292
8/20/19,294
8/21/19,294.700012
8/22/19,293.700012
8/23/19,289.899994
8/26/19,293
8/27/19,291.5
8/28/19,294
8/29/19,292
8/30/19,289.299988
9/3/19,288
9/4/19,292.200012
9/5/19,288.700012
9/6/19,287.200012
9/9/19,288.5
9/10/19,292.899994
9/11/19,289.600006
9/12/19,296.100006
9/13/19,298.200012
9/16/19,295.200012
9/17/19,294.100006
9/18/19,291.600006
9/19/19,292.200012
9/20/19,291.100006
9/23/19,294.5
9/24/19,295.399994
9/25/19,293.200012
9/26/19,290.799988
9/27/19,289.899994
9/30/19,295.899994
10/1/19,304.100006
10/2/19,300.299988
10/3/19,298
10/4/19,298.799988
10/7/19,297.399994
10/8/19,302.299988
10/9/19,305.399994
10/10/19,304.100006
10/11/19,306.899994
10/14/19,306
10/15/19,307.799988
10/16/19,304.799988
10/17/19,306.799988
10/18/19,308.5
10/21/19,307.700012
10/22/19,306.899994
10/23/19,308.600006
10/24/19,305.600006
10/25/19,303.299988
10/28/19,304
10/29/19,303
10/30/19,302.200012
10/31/19,304.399994
11/1/19,303.899994
11/4/19,302.399994
11/5/19,302.700012
11/6/19,298.899994
11/7/19,305.600006
11/8/19,304.899994
11/11/19,300.600006
11/12/19,302.299988
11/13/19,304.100006
11/14/19,303.100006
11/15/19,307.100006
11/18/19,301.200012
11/19/19,302
11/20/19,299.799988
11/21/19,301
11/22/19,299
11/25/19,298.299988
11/26/19,294.700012
11/27/19,293.799988
11/29/19,
12/2/19,291.299988
12/3/19,292.5
12/4/19,294.600006
12/5/19,299.5
12/6/19,297.399994
12/9/19,296.700012
12/10/19,296.899994
12/11/19,293.299988
12/12/19,292.600006
12/13/19,295.5
12/16/19,301.299988
12/17/19,302.299988
12/18/19,302.899994
12/19/19,298.399994
12/20/19,297.899994
12/23/19,301.399994
12/24/19,
12/26/19,299.5
12/27/19,295.399994
12/30/19,297.5
12/31/19,299.899994
1/2/20,300.600006
1/3/20,296.100006
1/6/20,297.700012
1/7/20,296.399994
1/8/20,296.899994
1/9/20,296.200012
1/10/20,298.700012
1/13/20,299
1/14/20,297.200012
1/15/20,300.100006
1/16/20,300.600006
1/17/20,300.600006
1/21/20,299.100006
1/22/20,297.899994
1/23/20,298.899994
1/24/20,298.299988
1/27/20,297.799988
1/28/20,297.600006
1/29/20,296.100006
1/30/20,291.5
1/31/20,291
2/3/20,289.799988
2/4/20,288.5
2/5/20,287.399994
2/6/20,288.200012
2/7/20,289.299988
2/10/20,291.399994
2/11/20,290.799988
2/12/20,291.700012
2/13/20,291.899994
2/14/20,291.100006
2/18/20,292.200012
2/19/20,293
2/20/20,292.899994
2/21/20,289.200012
2/24/20,286.100006
2/25/20,286.5
2/26/20,291.299988
2/27/20,296.899994
2/28/20,298.600006
3/2/20,302.200012
3/3/20,303.799988
3/4/20,305.200012
3/5/20,300.399994
3/6/20,301.299988
3/9/20,296.600006
3/10/20,295.899994
3/11/20,295.899994
3/12/20,298.600006
3/13/20,295.899994
3/16/20,296.299988
3/17/20,298.299988
3/18/20,304
3/19/20,314.799988
3/20/20,325.200012
3/23/20,333.600006
3/24/20,332.100006
3/25/20,321.700012
3/26/20,322.899994
3/27/20,323.100006
3/30/20,325.5
3/31/20,321.5
4/1/20,314.899994
4/2/20,309.100006
4/3/20,303.200012
4/6/20,297
4/7/20,293.799988
4/8/20,292.799988
4/9/20,292.5
4/13/20,288.600006
4/14/20,287.5
4/15/20,292.200012
4/16/20,291.799988
4/17/20,288.200012
4/20/20,285.600006
4/21/20,289.100006
4/22/20,288.299988
4/23/20,288.700012
4/24/20,287.700012
4/27/20,285.299988
4/28/20,281.799988
4/29/20,283.200012
4/30/20,289.600006
5/1/20,287.399994
5/4/20,283.299988
5/5/20,284.799988
5/6/20,283.100006
5/7/20,283.600006
5/8/20,286.700012
5/11/20,286.299988
5/12/20,288.600006
5/13/20,285.200012
5/14/20,285.200012
5/15/20,287.5
5/18/20,285.100006
5/19/20,284.600006
5/20/20,285.5
5/21/20,282.5
5/22/20,284.100006
5/26/20,283.899994
5/27/20,282
5/28/20,284.299988
5/29/20,283.200012
6/1/20,283.100006
6/2/20,283.700012
6/3/20,286.299988
6/4/20,289.799988
6/5/20,289.100006
6/8/20,288.399994
6/9/20,287.100006
6/10/20,288.799988
6/11/20,289.700012
6/12/20,289
6/15/20,288.399994
6/16/20,287.899994
6/17/20,287.799988
6/18/20,288.799988
6/19/20,287
6/22/20,286.5
6/23/20,286.299988
6/24/20,286.700012
6/25/20,285.5
6/26/20,282.100006
6/29/20,280.5
6/30/20,286.299988
7/1/20,292.700012
7/2/20,293.5
7/6/20,295.399994
7/7/20,293.299988
7/8/20,291.600006
7/9/20,295.100006
7/10/20,290.799988
7/13/20,283.100006
7/14/20,283.700012
7/15/20,285.799988
7/16/20,287
7/17/20,286.5
7/20/20,288.600006
7/21/20,285.600006
7/22/20,286.600006
7/23/20,290.399994
7/24/20,290.799988
7/27/20,292.5
7/28/20,288.899994
7/29/20,286.899994
7/30/20,289.799988
7/31/20,289.299988
8/3/20,287.100006
8/4/20,283.700012
8/5/20,282.299988
8/6/20,280.700012
8/7/20,280
8/10/20,282.200012
8/11/20,282
8/12/20,282.200012
8/13/20,290.100006
8/14/20,289.700012
8/17/20,298.299988
8/18/20,296.200012
8/19/20,295.700012
8/20/20,293.799988
8/21/20,290.200012
8/24/20,289.100006
8/25/20,291.600006
8/26/20,291.5
8/27/20,294.899994
8/28/20,301.600006
8/31/20,304.600006
9/1/20,302.799988
9/2/20,302.299988
9/3/20,305.200012
9/4/20,309.799988
9/8/20,307.200012
9/9/20,310.899994
9/10/20,311.100006
9/11/20,318.399994
9/14/20,316.200012
9/15/20,314.299988
9/16/20,320.799988
9/17/20,330.399994
9/18/20,337.399994
9/21/20,333.399994
9/22/20,337.299988
9/23/20,342.100006
9/24/20,333.799988
9/25/20,336.899994
9/28/20,332.600006
9/29/20,327.299988
9/30/20,339.700012
10/1/20,345
10/2/20,349.399994
10/5/20,343.600006
10/6/20,354.299988
10/7/20,361
10/8/20,359.200012
10/9/20,363.100006
10/12/20,356.700012
10/13/20,358.5
10/14/20,358.399994
10/15/20,372.100006
10/16/20,367.5
10/19/20,373.200012
10/20/20,371.899994
10/21/20,378.799988
10/22/20,382.399994
10/23/20,386.399994
10/26/20,389.600006
10/27/20,384
10/28/20,376.700012
10/29/20,376.899994
10/30/20,378.600006
11/2/20,375.100006
11/3/20,377.200012
11/4/20,385.700012
11/5/20,387.799988
11/6/20,382.399994
11/9/20,384.100006
11/10/20,394.799988
11/11/20,392.700012
11/12/20,388.100006
11/13/20,388.100006
11/16/20,389.299988
11/17/20,395.799988
11/18/20,394.899994
11/19/20,393.700012
11/20/20,394.700012
11/23/20,394.899994
11/24/20,398.299988
11/25/20,396.899994
11/27/20,
11/30/20,393.100006
12/1/20,393.5
12/2/20,389.5
12/3/20,392.799988
12/4/20,388.799988
12/7/20,386.5
12/8/20,381.700012
12/9/20,384.399994
12/10/20,381
12/11/20,384.100006
12/14/20,380.799988
12/15/20,388.200012
12/16/20,394.5
12/17/20,397.899994
12/18/20,405.5
12/21/20,412.299988
12/22/20,415
12/23/20,421.200012
12/24/20,
12/28/20,415.299988
12/29/20,427
12/30/20,432.399994
12/31/20,434.399994